--------------------------------------------------------
--  File created - 星期一-九月-07-2009   
--------------------------------------------------------
--------------------------------------------------------
--  DDL for Sequence HIBERNATE_SEQUENCE
--------------------------------------------------------

   CREATE SEQUENCE  "HIBERNATE_SEQUENCE"  MINVALUE 1 MAXVALUE 999999999999999999999999999 INCREMENT BY 1 START WITH 427 CACHE 20 NOORDER  NOCYCLE ;
--------------------------------------------------------
--  DDL for Table DICTIONARY_SORT
--------------------------------------------------------

  CREATE TABLE "DICTIONARY_SORT" 
   (	"ID" NUMBER(10,0), 
	"NAME" VARCHAR2(64 CHAR), 
	"SEQ" VARCHAR2(64 CHAR), 
	"TAXIS" NUMBER(10,0), 
	"DEFAULT_VALUE" NUMBER(10,0), 
	"IF_DELETE" NUMBER(10,0), 
	"PARENT_ID" NUMBER(10,0), 
	"MEMO" VARCHAR2(225 CHAR), 
	"TIME_CREATE" TIMESTAMP (6), 
	"TIME_MODIFIED" TIMESTAMP (6)
   ) ;
--------------------------------------------------------
--  DDL for Table FILES
--------------------------------------------------------

  CREATE TABLE "FILES" 
   (	"ID" NUMBER(10,0), 
	"INFO_SORT_ID" NUMBER(10,0), 
	"TITLE" VARCHAR2(255 CHAR), 
	"A1" VARCHAR2(12 CHAR), 
	"A2" VARCHAR2(12 CHAR), 
	"A3" VARCHAR2(12 CHAR), 
	"A4" VARCHAR2(12 CHAR), 
	"A5" VARCHAR2(120), 
	"A6" VARCHAR2(12 CHAR), 
	"A7" VARCHAR2(12 CHAR), 
	"A8" VARCHAR2(12 CHAR), 
	"A9" VARCHAR2(12 CHAR), 
	"A10" VARCHAR2(12 CHAR), 
	"A11" VARCHAR2(12 CHAR), 
	"A12" VARCHAR2(12 CHAR), 
	"A13" VARCHAR2(12 CHAR), 
	"A14" VARCHAR2(12 CHAR), 
	"A15" VARCHAR2(12 CHAR), 
	"A16" VARCHAR2(12 CHAR), 
	"A17" VARCHAR2(12 CHAR), 
	"A18" VARCHAR2(12 CHAR), 
	"A19" VARCHAR2(12 CHAR), 
	"A20" VARCHAR2(12 CHAR), 
	"A21" VARCHAR2(12 CHAR), 
	"A22" VARCHAR2(12 CHAR), 
	"A23" VARCHAR2(12 CHAR), 
	"A24" VARCHAR2(12 CHAR), 
	"A25" VARCHAR2(12 CHAR), 
	"A26" VARCHAR2(12 CHAR), 
	"A27" VARCHAR2(12 CHAR), 
	"A28" VARCHAR2(12 CHAR), 
	"A29" VARCHAR2(12 CHAR), 
	"A30" VARCHAR2(12 CHAR), 
	"A31" VARCHAR2(12 CHAR), 
	"A32" VARCHAR2(12 CHAR), 
	"A33" VARCHAR2(12 CHAR), 
	"A34" VARCHAR2(12 CHAR), 
	"A35" VARCHAR2(12 CHAR), 
	"A36" VARCHAR2(12 CHAR), 
	"A37" VARCHAR2(12 CHAR), 
	"A38" VARCHAR2(12 CHAR), 
	"A39" VARCHAR2(12 CHAR), 
	"A40" VARCHAR2(12 CHAR), 
	"A41" VARCHAR2(12 CHAR), 
	"A42" VARCHAR2(12 CHAR), 
	"A43" VARCHAR2(12 CHAR), 
	"A44" VARCHAR2(12 CHAR), 
	"A45" VARCHAR2(12 CHAR), 
	"A46" VARCHAR2(12 CHAR), 
	"A47" VARCHAR2(12 CHAR), 
	"A48" VARCHAR2(12 CHAR), 
	"A49" VARCHAR2(12 CHAR), 
	"A50" VARCHAR2(12 CHAR), 
	"A120" VARCHAR2(120 CHAR), 
	"PAR_INFO_SORT_ID" NUMBER(*,0) DEFAULT 0, 
	"TYPE" NUMBER(*,0) DEFAULT 0
   ) ;
--------------------------------------------------------
--  DDL for Table FILE_PIGEONHOLE
--------------------------------------------------------

  CREATE TABLE "FILE_PIGEONHOLE" 
   (	"ID" NUMBER(10,0), 
	"INFO_SORT_ID" NUMBER(10,0), 
	"INFO_COLUMN" VARCHAR2(12 CHAR), 
	"INFO_COLUMN_TO" VARCHAR2(12 CHAR), 
	"TIME_CREATE" TIMESTAMP (6), 
	"TIME_MODIFIED" TIMESTAMP (6)
   ) ;
--------------------------------------------------------
--  DDL for Table INFO_SORT
--------------------------------------------------------

  CREATE TABLE "INFO_SORT" 
   (	"ID" NUMBER, 
	"NAME" VARCHAR2(64 CHAR), 
	"SEQ" VARCHAR2(64 CHAR), 
	"TAXIS" NUMBER(10,0), 
	"TYPE" NUMBER(10,0), 
	"PARENT_ID" NUMBER(10,0), 
	"TIME_CREATE" TIMESTAMP (6), 
	"TIME_MODIFIED" TIMESTAMP (6), 
	"ONE_FLOOR" VARCHAR2(255 CHAR), 
	"TWO_FLOOR" VARCHAR2(255 CHAR), 
	"THREE_FLOOR" VARCHAR2(255 CHAR), 
	"STATUS" NUMBER(10,0)
   ) ;
--------------------------------------------------------
--  DDL for Table MEMBER
--------------------------------------------------------

  CREATE TABLE "MEMBER" 
   (	"ID" NUMBER(10,0), 
	"LOGIN_NAME" VARCHAR2(32 CHAR), 
	"PASSWORD" VARCHAR2(32 CHAR), 
	"STATE" NUMBER(10,0), 
	"IS_ADMIN" VARCHAR2(255 CHAR), 
	"TIME_CREATE" TIMESTAMP (6), 
	"TIME_MODIFIED" TIMESTAMP (6)
   ) ;
--------------------------------------------------------
--  DDL for Table QUANZONG
--------------------------------------------------------

  CREATE TABLE "QUANZONG" 
   (	"ID" NUMBER(10,0), 
	"NAME" VARCHAR2(64 CHAR), 
	"SEQ" VARCHAR2(64 CHAR), 
	"TYPE" NUMBER(10,0), 
	"TIME_CREATE" TIMESTAMP (6), 
	"TIME_MODIFIED" TIMESTAMP (6)
   ) ;
--------------------------------------------------------
--  DDL for Table RESOURCES
--------------------------------------------------------

  CREATE TABLE "RESOURCES" 
   (	"ID" NUMBER(10,0), 
	"TYPE" VARCHAR2(64 CHAR), 
	"VALUE" VARCHAR2(128 CHAR), 
	"CREATED_DATE" NUMBER(10,0), 
	"LAST_UPDATED_DATE" NUMBER(10,0)
   ) ;
--------------------------------------------------------
--  DDL for Table STRUCTURE
--------------------------------------------------------

  CREATE TABLE "STRUCTURE" 
   (	"ID" NUMBER(10,0), 
	"SERIAL_NUMBER" VARCHAR2(64 CHAR), 
	"ZN_NAME" VARCHAR2(64 CHAR), 
	"TAXIS" NUMBER(10,0), 
	"DICTIONARY_NAME" VARCHAR2(64 CHAR), 
	"IF_UPDATE" NUMBER(10,0), 
	"INFO_SORT_ID" NUMBER(10,0), 
	"TYPE" NUMBER(10,0), 
	"LENGTH" NUMBER(10,0), 
	"DECIMAL_DIGITS" NUMBER(10,0), 
	"INPUT_FASHION" NUMBER(10,0), 
	"IS_NULL" NUMBER(10,0), 
	"IS_OVERLAP" NUMBER(10,0), 
	"IS_INDEX" NUMBER(10,0), 
	"IS_QUERY" NUMBER(10,0), 
	"IS_TYPE_QUERY" NUMBER(10,0), 
	"IS_PURVIEW" NUMBER(10,0), 
	"IS_SELF_MOTION" NUMBER(10,0), 
	"IS_EXTEND" NUMBER(10,0), 
	"IS_BALANCE" NUMBER(10,0), 
	"IS_SERIAL_NUMBER" NUMBER(10,0), 
	"IS_DELETE" NUMBER(10,0), 
	"TIME_CREATE" TIMESTAMP (6), 
	"TIME_MODIFIED" TIMESTAMP (6), 
	"IS_LISTS" NUMBER(10,0), 
	"STATUS" NUMBER, 
	"TAXIS2" NUMBER(10,0), 
	"TAXIS3" NUMBER(10,0), 
	"IF_TWO" NUMBER(10,0), 
	"IF_THREE" NUMBER(10,0)
   ) ;

---------------------------------------------------
--   DATA FOR TABLE DICTIONARY_SORT
--   FILTER = none used
---------------------------------------------------
REM INSERTING into DICTIONARY_SORT
Insert into DICTIONARY_SORT (ID,NAME,SEQ,TAXIS,DEFAULT_VALUE,IF_DELETE,PARENT_ID,MEMO,TIME_CREATE,TIME_MODIFIED) values (27,'责任人',null,0,0,0,0,null,to_timestamp('20-8月 -09 09.29.58.343000000 下午','DD-MON-RR HH.MI.SS.FF AM'),to_timestamp('20-8月 -09 09.29.58.343000000 下午','DD-MON-RR HH.MI.SS.FF AM'));
Insert into DICTIONARY_SORT (ID,NAME,SEQ,TAXIS,DEFAULT_VALUE,IF_DELETE,PARENT_ID,MEMO,TIME_CREATE,TIME_MODIFIED) values (42,'丧偶',null,0,0,0,38,null,to_timestamp('20-8月 -09 09.32.50.796000000 下午','DD-MON-RR HH.MI.SS.FF AM'),to_timestamp('20-8月 -09 09.32.50.796000000 下午','DD-MON-RR HH.MI.SS.FF AM'));
Insert into DICTIONARY_SORT (ID,NAME,SEQ,TAXIS,DEFAULT_VALUE,IF_DELETE,PARENT_ID,MEMO,TIME_CREATE,TIME_MODIFIED) values (45,'档案室',null,0,0,0,43,null,to_timestamp('20-8月 -09 09.33.12.140000000 下午','DD-MON-RR HH.MI.SS.FF AM'),to_timestamp('20-8月 -09 09.33.12.140000000 下午','DD-MON-RR HH.MI.SS.FF AM'));
Insert into DICTIONARY_SORT (ID,NAME,SEQ,TAXIS,DEFAULT_VALUE,IF_DELETE,PARENT_ID,MEMO,TIME_CREATE,TIME_MODIFIED) values (48,'机密',null,0,0,0,46,null,to_timestamp('20-8月 -09 09.33.44.109000000 下午','DD-MON-RR HH.MI.SS.FF AM'),to_timestamp('20-8月 -09 09.33.44.109000000 下午','DD-MON-RR HH.MI.SS.FF AM'));
Insert into DICTIONARY_SORT (ID,NAME,SEQ,TAXIS,DEFAULT_VALUE,IF_DELETE,PARENT_ID,MEMO,TIME_CREATE,TIME_MODIFIED) values (56,'短期',null,0,0,0,53,null,to_timestamp('20-8月 -09 09.34.46.562000000 下午','DD-MON-RR HH.MI.SS.FF AM'),to_timestamp('20-8月 -09 09.34.46.562000000 下午','DD-MON-RR HH.MI.SS.FF AM'));
Insert into DICTIONARY_SORT (ID,NAME,SEQ,TAXIS,DEFAULT_VALUE,IF_DELETE,PARENT_ID,MEMO,TIME_CREATE,TIME_MODIFIED) values (64,'甲骨',null,0,0,0,61,null,to_timestamp('20-8月 -09 09.36.02.937000000 下午','DD-MON-RR HH.MI.SS.FF AM'),to_timestamp('20-8月 -09 09.36.02.937000000 下午','DD-MON-RR HH.MI.SS.FF AM'));
Insert into DICTIONARY_SORT (ID,NAME,SEQ,TAXIS,DEFAULT_VALUE,IF_DELETE,PARENT_ID,MEMO,TIME_CREATE,TIME_MODIFIED) values (69,'胶卷',null,0,0,0,61,null,to_timestamp('20-8月 -09 09.38.50.015000000 下午','DD-MON-RR HH.MI.SS.FF AM'),to_timestamp('20-8月 -09 09.38.50.015000000 下午','DD-MON-RR HH.MI.SS.FF AM'));
Insert into DICTIONARY_SORT (ID,NAME,SEQ,TAXIS,DEFAULT_VALUE,IF_DELETE,PARENT_ID,MEMO,TIME_CREATE,TIME_MODIFIED) values (80,'通知',null,0,0,0,76,null,to_timestamp('20-8月 -09 09.40.26.328000000 下午','DD-MON-RR HH.MI.SS.FF AM'),to_timestamp('20-8月 -09 09.40.26.328000000 下午','DD-MON-RR HH.MI.SS.FF AM'));
Insert into DICTIONARY_SORT (ID,NAME,SEQ,TAXIS,DEFAULT_VALUE,IF_DELETE,PARENT_ID,MEMO,TIME_CREATE,TIME_MODIFIED) values (85,'说明书',null,0,0,0,76,null,to_timestamp('20-8月 -09 09.41.01.078000000 下午','DD-MON-RR HH.MI.SS.FF AM'),to_timestamp('20-8月 -09 09.41.01.078000000 下午','DD-MON-RR HH.MI.SS.FF AM'));
Insert into DICTIONARY_SORT (ID,NAME,SEQ,TAXIS,DEFAULT_VALUE,IF_DELETE,PARENT_ID,MEMO,TIME_CREATE,TIME_MODIFIED) values (90,'图书',null,0,0,0,76,null,to_timestamp('20-8月 -09 09.41.31.015000000 下午','DD-MON-RR HH.MI.SS.FF AM'),to_timestamp('20-8月 -09 09.41.31.015000000 下午','DD-MON-RR HH.MI.SS.FF AM'));
Insert into DICTIONARY_SORT (ID,NAME,SEQ,TAXIS,DEFAULT_VALUE,IF_DELETE,PARENT_ID,MEMO,TIME_CREATE,TIME_MODIFIED) values (100,'个人取证',null,0,0,0,95,null,to_timestamp('20-8月 -09 09.46.05.718000000 下午','DD-MON-RR HH.MI.SS.FF AM'),to_timestamp('20-8月 -09 09.46.05.718000000 下午','DD-MON-RR HH.MI.SS.FF AM'));
Insert into DICTIONARY_SORT (ID,NAME,SEQ,TAXIS,DEFAULT_VALUE,IF_DELETE,PARENT_ID,MEMO,TIME_CREATE,TIME_MODIFIED) values (102,'会计类别',null,0,0,0,0,null,to_timestamp('20-8月 -09 09.46.30.093000000 下午','DD-MON-RR HH.MI.SS.FF AM'),to_timestamp('20-8月 -09 09.46.30.093000000 下午','DD-MON-RR HH.MI.SS.FF AM'));
Insert into DICTIONARY_SORT (ID,NAME,SEQ,TAXIS,DEFAULT_VALUE,IF_DELETE,PARENT_ID,MEMO,TIME_CREATE,TIME_MODIFIED) values (103,'会计帐薄',null,0,0,0,102,null,to_timestamp('20-8月 -09 09.46.44.218000000 下午','DD-MON-RR HH.MI.SS.FF AM'),to_timestamp('20-8月 -09 09.46.44.218000000 下午','DD-MON-RR HH.MI.SS.FF AM'));
Insert into DICTIONARY_SORT (ID,NAME,SEQ,TAXIS,DEFAULT_VALUE,IF_DELETE,PARENT_ID,MEMO,TIME_CREATE,TIME_MODIFIED) values (114,'盒',null,0,0,0,110,null,to_timestamp('20-8月 -09 09.47.53.375000000 下午','DD-MON-RR HH.MI.SS.FF AM'),to_timestamp('20-8月 -09 09.47.53.375000000 下午','DD-MON-RR HH.MI.SS.FF AM'));
Insert into DICTIONARY_SORT (ID,NAME,SEQ,TAXIS,DEFAULT_VALUE,IF_DELETE,PARENT_ID,MEMO,TIME_CREATE,TIME_MODIFIED) values (122,'4开',null,0,0,0,118,null,to_timestamp('20-8月 -09 09.48.37.859000000 下午','DD-MON-RR HH.MI.SS.FF AM'),to_timestamp('20-8月 -09 09.48.37.859000000 下午','DD-MON-RR HH.MI.SS.FF AM'));
Insert into DICTIONARY_SORT (ID,NAME,SEQ,TAXIS,DEFAULT_VALUE,IF_DELETE,PARENT_ID,MEMO,TIME_CREATE,TIME_MODIFIED) values (125,'不归档',null,0,0,0,123,null,to_timestamp('20-8月 -09 09.49.01.921000000 下午','DD-MON-RR HH.MI.SS.FF AM'),to_timestamp('20-8月 -09 09.49.01.921000000 下午','DD-MON-RR HH.MI.SS.FF AM'));
Insert into DICTIONARY_SORT (ID,NAME,SEQ,TAXIS,DEFAULT_VALUE,IF_DELETE,PARENT_ID,MEMO,TIME_CREATE,TIME_MODIFIED) values (127,'实物类型',null,0,0,0,0,null,to_timestamp('20-8月 -09 09.49.32.296000000 下午','DD-MON-RR HH.MI.SS.FF AM'),to_timestamp('20-8月 -09 09.49.32.296000000 下午','DD-MON-RR HH.MI.SS.FF AM'));
Insert into DICTIONARY_SORT (ID,NAME,SEQ,TAXIS,DEFAULT_VALUE,IF_DELETE,PARENT_ID,MEMO,TIME_CREATE,TIME_MODIFIED) values (128,'奖杯',null,0,0,0,127,null,to_timestamp('20-8月 -09 09.49.39.796000000 下午','DD-MON-RR HH.MI.SS.FF AM'),to_timestamp('20-8月 -09 09.49.39.796000000 下午','DD-MON-RR HH.MI.SS.FF AM'));
Insert into DICTIONARY_SORT (ID,NAME,SEQ,TAXIS,DEFAULT_VALUE,IF_DELETE,PARENT_ID,MEMO,TIME_CREATE,TIME_MODIFIED) values (28,'来文机关',null,0,0,0,0,null,to_timestamp('20-8月 -09 09.30.08.234000000 下午','DD-MON-RR HH.MI.SS.FF AM'),to_timestamp('20-8月 -09 09.30.08.234000000 下午','DD-MON-RR HH.MI.SS.FF AM'));
Insert into DICTIONARY_SORT (ID,NAME,SEQ,TAXIS,DEFAULT_VALUE,IF_DELETE,PARENT_ID,MEMO,TIME_CREATE,TIME_MODIFIED) values (34,'民族',null,0,0,0,0,null,to_timestamp('20-8月 -09 09.31.36.890000000 下午','DD-MON-RR HH.MI.SS.FF AM'),to_timestamp('20-8月 -09 09.31.36.890000000 下午','DD-MON-RR HH.MI.SS.FF AM'));
Insert into DICTIONARY_SORT (ID,NAME,SEQ,TAXIS,DEFAULT_VALUE,IF_DELETE,PARENT_ID,MEMO,TIME_CREATE,TIME_MODIFIED) values (35,'汉族',null,0,0,0,34,null,to_timestamp('20-8月 -09 09.31.49.328000000 下午','DD-MON-RR HH.MI.SS.FF AM'),to_timestamp('20-8月 -09 09.31.49.328000000 下午','DD-MON-RR HH.MI.SS.FF AM'));
Insert into DICTIONARY_SORT (ID,NAME,SEQ,TAXIS,DEFAULT_VALUE,IF_DELETE,PARENT_ID,MEMO,TIME_CREATE,TIME_MODIFIED) values (49,'秘密',null,0,0,0,46,null,to_timestamp('20-8月 -09 09.33.49.437000000 下午','DD-MON-RR HH.MI.SS.FF AM'),to_timestamp('20-8月 -09 09.33.49.437000000 下午','DD-MON-RR HH.MI.SS.FF AM'));
Insert into DICTIONARY_SORT (ID,NAME,SEQ,TAXIS,DEFAULT_VALUE,IF_DELETE,PARENT_ID,MEMO,TIME_CREATE,TIME_MODIFIED) values (57,'30年',null,0,0,0,53,null,to_timestamp('20-8月 -09 09.34.52.390000000 下午','DD-MON-RR HH.MI.SS.FF AM'),to_timestamp('20-8月 -09 09.34.52.390000000 下午','DD-MON-RR HH.MI.SS.FF AM'));
Insert into DICTIONARY_SORT (ID,NAME,SEQ,TAXIS,DEFAULT_VALUE,IF_DELETE,PARENT_ID,MEMO,TIME_CREATE,TIME_MODIFIED) values (65,'简牍',null,0,0,0,61,null,to_timestamp('20-8月 -09 09.36.12.046000000 下午','DD-MON-RR HH.MI.SS.FF AM'),to_timestamp('20-8月 -09 09.36.12.046000000 下午','DD-MON-RR HH.MI.SS.FF AM'));
Insert into DICTIONARY_SORT (ID,NAME,SEQ,TAXIS,DEFAULT_VALUE,IF_DELETE,PARENT_ID,MEMO,TIME_CREATE,TIME_MODIFIED) values (70,'磁带',null,0,0,0,61,null,to_timestamp('20-8月 -09 09.38.58.687000000 下午','DD-MON-RR HH.MI.SS.FF AM'),to_timestamp('20-8月 -09 09.38.58.687000000 下午','DD-MON-RR HH.MI.SS.FF AM'));
Insert into DICTIONARY_SORT (ID,NAME,SEQ,TAXIS,DEFAULT_VALUE,IF_DELETE,PARENT_ID,MEMO,TIME_CREATE,TIME_MODIFIED) values (81,'报告',null,0,0,0,76,null,to_timestamp('20-8月 -09 09.40.32.125000000 下午','DD-MON-RR HH.MI.SS.FF AM'),to_timestamp('20-8月 -09 09.40.32.125000000 下午','DD-MON-RR HH.MI.SS.FF AM'));
Insert into DICTIONARY_SORT (ID,NAME,SEQ,TAXIS,DEFAULT_VALUE,IF_DELETE,PARENT_ID,MEMO,TIME_CREATE,TIME_MODIFIED) values (86,'协议书',null,0,0,0,76,null,to_timestamp('20-8月 -09 09.41.06.937000000 下午','DD-MON-RR HH.MI.SS.FF AM'),to_timestamp('20-8月 -09 09.41.06.937000000 下午','DD-MON-RR HH.MI.SS.FF AM'));
Insert into DICTIONARY_SORT (ID,NAME,SEQ,TAXIS,DEFAULT_VALUE,IF_DELETE,PARENT_ID,MEMO,TIME_CREATE,TIME_MODIFIED) values (91,'照会',null,0,0,0,76,null,to_timestamp('20-8月 -09 09.41.41.890000000 下午','DD-MON-RR HH.MI.SS.FF AM'),to_timestamp('20-8月 -09 09.41.41.890000000 下午','DD-MON-RR HH.MI.SS.FF AM'));
Insert into DICTIONARY_SORT (ID,NAME,SEQ,TAXIS,DEFAULT_VALUE,IF_DELETE,PARENT_ID,MEMO,TIME_CREATE,TIME_MODIFIED) values (95,'利用目的',null,0,0,0,0,null,to_timestamp('20-8月 -09 09.45.21.906000000 下午','DD-MON-RR HH.MI.SS.FF AM'),to_timestamp('20-8月 -09 09.45.21.906000000 下午','DD-MON-RR HH.MI.SS.FF AM'));
Insert into DICTIONARY_SORT (ID,NAME,SEQ,TAXIS,DEFAULT_VALUE,IF_DELETE,PARENT_ID,MEMO,TIME_CREATE,TIME_MODIFIED) values (96,'工作查考',null,0,0,0,95,null,to_timestamp('20-8月 -09 09.45.35.437000000 下午','DD-MON-RR HH.MI.SS.FF AM'),to_timestamp('20-8月 -09 09.45.35.437000000 下午','DD-MON-RR HH.MI.SS.FF AM'));
Insert into DICTIONARY_SORT (ID,NAME,SEQ,TAXIS,DEFAULT_VALUE,IF_DELETE,PARENT_ID,MEMO,TIME_CREATE,TIME_MODIFIED) values (101,'其他',null,0,0,0,95,null,to_timestamp('20-8月 -09 09.46.15.031000000 下午','DD-MON-RR HH.MI.SS.FF AM'),to_timestamp('20-8月 -09 09.46.15.031000000 下午','DD-MON-RR HH.MI.SS.FF AM'));
Insert into DICTIONARY_SORT (ID,NAME,SEQ,TAXIS,DEFAULT_VALUE,IF_DELETE,PARENT_ID,MEMO,TIME_CREATE,TIME_MODIFIED) values (104,'会计凭证',null,0,0,0,102,null,to_timestamp('20-8月 -09 09.46.51.703000000 下午','DD-MON-RR HH.MI.SS.FF AM'),to_timestamp('20-8月 -09 09.46.51.703000000 下午','DD-MON-RR HH.MI.SS.FF AM'));
Insert into DICTIONARY_SORT (ID,NAME,SEQ,TAXIS,DEFAULT_VALUE,IF_DELETE,PARENT_ID,MEMO,TIME_CREATE,TIME_MODIFIED) values (115,'张',null,0,0,0,110,null,to_timestamp('20-8月 -09 09.47.58.625000000 下午','DD-MON-RR HH.MI.SS.FF AM'),to_timestamp('20-8月 -09 09.47.58.625000000 下午','DD-MON-RR HH.MI.SS.FF AM'));
Insert into DICTIONARY_SORT (ID,NAME,SEQ,TAXIS,DEFAULT_VALUE,IF_DELETE,PARENT_ID,MEMO,TIME_CREATE,TIME_MODIFIED) values (126,'已归档',null,0,0,0,123,null,to_timestamp('20-8月 -09 09.49.12.234000000 下午','DD-MON-RR HH.MI.SS.FF AM'),to_timestamp('20-8月 -09 09.49.12.234000000 下午','DD-MON-RR HH.MI.SS.FF AM'));
Insert into DICTIONARY_SORT (ID,NAME,SEQ,TAXIS,DEFAULT_VALUE,IF_DELETE,PARENT_ID,MEMO,TIME_CREATE,TIME_MODIFIED) values (129,'奖牌',null,0,0,0,127,null,to_timestamp('20-8月 -09 09.49.45.250000000 下午','DD-MON-RR HH.MI.SS.FF AM'),to_timestamp('20-8月 -09 09.49.45.250000000 下午','DD-MON-RR HH.MI.SS.FF AM'));
Insert into DICTIONARY_SORT (ID,NAME,SEQ,TAXIS,DEFAULT_VALUE,IF_DELETE,PARENT_ID,MEMO,TIME_CREATE,TIME_MODIFIED) values (131,'机关代字',null,0,0,0,0,null,to_timestamp('20-8月 -09 09.50.09.531000000 下午','DD-MON-RR HH.MI.SS.FF AM'),to_timestamp('20-8月 -09 09.50.09.531000000 下午','DD-MON-RR HH.MI.SS.FF AM'));
Insert into DICTIONARY_SORT (ID,NAME,SEQ,TAXIS,DEFAULT_VALUE,IF_DELETE,PARENT_ID,MEMO,TIME_CREATE,TIME_MODIFIED) values (22,'急件','2',0,0,0,21,null,to_timestamp('20-8月 -09 09.28.39.828000000 下午','DD-MON-RR HH.MI.SS.FF AM'),to_timestamp('20-8月 -09 09.28.39.828000000 下午','DD-MON-RR HH.MI.SS.FF AM'));
Insert into DICTIONARY_SORT (ID,NAME,SEQ,TAXIS,DEFAULT_VALUE,IF_DELETE,PARENT_ID,MEMO,TIME_CREATE,TIME_MODIFIED) values (29,'人事材料类别',null,0,0,0,0,null,to_timestamp('20-8月 -09 09.30.22.031000000 下午','DD-MON-RR HH.MI.SS.FF AM'),to_timestamp('20-8月 -09 09.30.22.031000000 下午','DD-MON-RR HH.MI.SS.FF AM'));
Insert into DICTIONARY_SORT (ID,NAME,SEQ,TAXIS,DEFAULT_VALUE,IF_DELETE,PARENT_ID,MEMO,TIME_CREATE,TIME_MODIFIED) values (30,'干部',null,0,0,0,29,null,to_timestamp('20-8月 -09 09.30.37.343000000 下午','DD-MON-RR HH.MI.SS.FF AM'),to_timestamp('20-8月 -09 09.30.37.343000000 下午','DD-MON-RR HH.MI.SS.FF AM'));
Insert into DICTIONARY_SORT (ID,NAME,SEQ,TAXIS,DEFAULT_VALUE,IF_DELETE,PARENT_ID,MEMO,TIME_CREATE,TIME_MODIFIED) values (32,'类别编号',null,0,0,0,0,null,to_timestamp('20-8月 -09 09.31.00.875000000 下午','DD-MON-RR HH.MI.SS.FF AM'),to_timestamp('20-8月 -09 09.31.00.875000000 下午','DD-MON-RR HH.MI.SS.FF AM'));
Insert into DICTIONARY_SORT (ID,NAME,SEQ,TAXIS,DEFAULT_VALUE,IF_DELETE,PARENT_ID,MEMO,TIME_CREATE,TIME_MODIFIED) values (33,'一',null,0,0,0,32,null,to_timestamp('20-8月 -09 09.31.18.921000000 下午','DD-MON-RR HH.MI.SS.FF AM'),to_timestamp('20-8月 -09 09.31.18.921000000 下午','DD-MON-RR HH.MI.SS.FF AM'));
Insert into DICTIONARY_SORT (ID,NAME,SEQ,TAXIS,DEFAULT_VALUE,IF_DELETE,PARENT_ID,MEMO,TIME_CREATE,TIME_MODIFIED) values (36,'回族',null,0,0,0,34,null,to_timestamp('20-8月 -09 09.31.54.859000000 下午','DD-MON-RR HH.MI.SS.FF AM'),to_timestamp('20-8月 -09 09.31.54.859000000 下午','DD-MON-RR HH.MI.SS.FF AM'));
Insert into DICTIONARY_SORT (ID,NAME,SEQ,TAXIS,DEFAULT_VALUE,IF_DELETE,PARENT_ID,MEMO,TIME_CREATE,TIME_MODIFIED) values (38,'婚姻状况',null,0,0,0,0,null,to_timestamp('20-8月 -09 09.32.18.359000000 下午','DD-MON-RR HH.MI.SS.FF AM'),to_timestamp('20-8月 -09 09.32.18.359000000 下午','DD-MON-RR HH.MI.SS.FF AM'));
Insert into DICTIONARY_SORT (ID,NAME,SEQ,TAXIS,DEFAULT_VALUE,IF_DELETE,PARENT_ID,MEMO,TIME_CREATE,TIME_MODIFIED) values (39,'未婚',null,0,0,0,38,null,to_timestamp('20-8月 -09 09.32.29.375000000 下午','DD-MON-RR HH.MI.SS.FF AM'),to_timestamp('20-8月 -09 09.32.29.375000000 下午','DD-MON-RR HH.MI.SS.FF AM'));
Insert into DICTIONARY_SORT (ID,NAME,SEQ,TAXIS,DEFAULT_VALUE,IF_DELETE,PARENT_ID,MEMO,TIME_CREATE,TIME_MODIFIED) values (50,'公开',null,0,0,0,46,null,to_timestamp('20-8月 -09 09.33.52.828000000 下午','DD-MON-RR HH.MI.SS.FF AM'),to_timestamp('20-8月 -09 09.33.52.828000000 下午','DD-MON-RR HH.MI.SS.FF AM'));
Insert into DICTIONARY_SORT (ID,NAME,SEQ,TAXIS,DEFAULT_VALUE,IF_DELETE,PARENT_ID,MEMO,TIME_CREATE,TIME_MODIFIED) values (58,'25年',null,0,0,0,53,null,to_timestamp('20-8月 -09 09.34.59.031000000 下午','DD-MON-RR HH.MI.SS.FF AM'),to_timestamp('20-8月 -09 09.34.59.031000000 下午','DD-MON-RR HH.MI.SS.FF AM'));
Insert into DICTIONARY_SORT (ID,NAME,SEQ,TAXIS,DEFAULT_VALUE,IF_DELETE,PARENT_ID,MEMO,TIME_CREATE,TIME_MODIFIED) values (66,'唱片',null,0,0,0,61,null,to_timestamp('20-8月 -09 09.36.17.609000000 下午','DD-MON-RR HH.MI.SS.FF AM'),to_timestamp('20-8月 -09 09.36.17.609000000 下午','DD-MON-RR HH.MI.SS.FF AM'));
Insert into DICTIONARY_SORT (ID,NAME,SEQ,TAXIS,DEFAULT_VALUE,IF_DELETE,PARENT_ID,MEMO,TIME_CREATE,TIME_MODIFIED) values (71,'磁盘',null,0,0,0,61,null,to_timestamp('20-8月 -09 09.39.02.109000000 下午','DD-MON-RR HH.MI.SS.FF AM'),to_timestamp('20-8月 -09 09.39.02.109000000 下午','DD-MON-RR HH.MI.SS.FF AM'));
Insert into DICTIONARY_SORT (ID,NAME,SEQ,TAXIS,DEFAULT_VALUE,IF_DELETE,PARENT_ID,MEMO,TIME_CREATE,TIME_MODIFIED) values (73,'组卷标识',null,0,0,0,0,null,to_timestamp('20-8月 -09 09.39.28.703000000 下午','DD-MON-RR HH.MI.SS.FF AM'),to_timestamp('20-8月 -09 09.39.28.703000000 下午','DD-MON-RR HH.MI.SS.FF AM'));
Insert into DICTIONARY_SORT (ID,NAME,SEQ,TAXIS,DEFAULT_VALUE,IF_DELETE,PARENT_ID,MEMO,TIME_CREATE,TIME_MODIFIED) values (74,'已组卷',null,0,0,0,73,null,to_timestamp('20-8月 -09 09.39.42.609000000 下午','DD-MON-RR HH.MI.SS.FF AM'),to_timestamp('20-8月 -09 09.39.42.609000000 下午','DD-MON-RR HH.MI.SS.FF AM'));
Insert into DICTIONARY_SORT (ID,NAME,SEQ,TAXIS,DEFAULT_VALUE,IF_DELETE,PARENT_ID,MEMO,TIME_CREATE,TIME_MODIFIED) values (76,'文种',null,0,0,0,0,null,to_timestamp('20-8月 -09 09.39.56.812000000 下午','DD-MON-RR HH.MI.SS.FF AM'),to_timestamp('20-8月 -09 09.39.56.812000000 下午','DD-MON-RR HH.MI.SS.FF AM'));
Insert into DICTIONARY_SORT (ID,NAME,SEQ,TAXIS,DEFAULT_VALUE,IF_DELETE,PARENT_ID,MEMO,TIME_CREATE,TIME_MODIFIED) values (77,'命令',null,0,0,0,76,null,to_timestamp('20-8月 -09 09.40.04.578000000 下午','DD-MON-RR HH.MI.SS.FF AM'),to_timestamp('20-8月 -09 09.40.04.578000000 下午','DD-MON-RR HH.MI.SS.FF AM'));
Insert into DICTIONARY_SORT (ID,NAME,SEQ,TAXIS,DEFAULT_VALUE,IF_DELETE,PARENT_ID,MEMO,TIME_CREATE,TIME_MODIFIED) values (82,'批复',null,0,0,0,76,null,to_timestamp('20-8月 -09 09.40.39.718000000 下午','DD-MON-RR HH.MI.SS.FF AM'),to_timestamp('20-8月 -09 09.40.39.718000000 下午','DD-MON-RR HH.MI.SS.FF AM'));
Insert into DICTIONARY_SORT (ID,NAME,SEQ,TAXIS,DEFAULT_VALUE,IF_DELETE,PARENT_ID,MEMO,TIME_CREATE,TIME_MODIFIED) values (87,'鉴定书',null,0,0,0,76,null,to_timestamp('20-8月 -09 09.41.12.718000000 下午','DD-MON-RR HH.MI.SS.FF AM'),to_timestamp('20-8月 -09 09.41.12.718000000 下午','DD-MON-RR HH.MI.SS.FF AM'));
Insert into DICTIONARY_SORT (ID,NAME,SEQ,TAXIS,DEFAULT_VALUE,IF_DELETE,PARENT_ID,MEMO,TIME_CREATE,TIME_MODIFIED) values (92,'诰',null,0,0,0,76,null,to_timestamp('20-8月 -09 09.42.09.968000000 下午','DD-MON-RR HH.MI.SS.FF AM'),to_timestamp('20-8月 -09 09.42.09.968000000 下午','DD-MON-RR HH.MI.SS.FF AM'));
Insert into DICTIONARY_SORT (ID,NAME,SEQ,TAXIS,DEFAULT_VALUE,IF_DELETE,PARENT_ID,MEMO,TIME_CREATE,TIME_MODIFIED) values (97,'学术研究',null,0,0,0,95,null,to_timestamp('20-8月 -09 09.45.43.109000000 下午','DD-MON-RR HH.MI.SS.FF AM'),to_timestamp('20-8月 -09 09.45.43.109000000 下午','DD-MON-RR HH.MI.SS.FF AM'));
Insert into DICTIONARY_SORT (ID,NAME,SEQ,TAXIS,DEFAULT_VALUE,IF_DELETE,PARENT_ID,MEMO,TIME_CREATE,TIME_MODIFIED) values (105,'会计报表',null,0,0,0,102,null,to_timestamp('20-8月 -09 09.46.58.031000000 下午','DD-MON-RR HH.MI.SS.FF AM'),to_timestamp('20-8月 -09 09.46.58.031000000 下午','DD-MON-RR HH.MI.SS.FF AM'));
Insert into DICTIONARY_SORT (ID,NAME,SEQ,TAXIS,DEFAULT_VALUE,IF_DELETE,PARENT_ID,MEMO,TIME_CREATE,TIME_MODIFIED) values (107,'性别',null,0,0,0,0,null,to_timestamp('20-8月 -09 09.47.11.750000000 下午','DD-MON-RR HH.MI.SS.FF AM'),to_timestamp('20-8月 -09 09.47.11.750000000 下午','DD-MON-RR HH.MI.SS.FF AM'));
Insert into DICTIONARY_SORT (ID,NAME,SEQ,TAXIS,DEFAULT_VALUE,IF_DELETE,PARENT_ID,MEMO,TIME_CREATE,TIME_MODIFIED) values (108,'男',null,0,0,0,107,null,to_timestamp('20-8月 -09 09.47.18.796000000 下午','DD-MON-RR HH.MI.SS.FF AM'),to_timestamp('20-8月 -09 09.47.18.796000000 下午','DD-MON-RR HH.MI.SS.FF AM'));
Insert into DICTIONARY_SORT (ID,NAME,SEQ,TAXIS,DEFAULT_VALUE,IF_DELETE,PARENT_ID,MEMO,TIME_CREATE,TIME_MODIFIED) values (110,'载体单位',null,0,0,0,0,null,to_timestamp('20-8月 -09 09.47.32.156000000 下午','DD-MON-RR HH.MI.SS.FF AM'),to_timestamp('20-8月 -09 09.47.32.156000000 下午','DD-MON-RR HH.MI.SS.FF AM'));
Insert into DICTIONARY_SORT (ID,NAME,SEQ,TAXIS,DEFAULT_VALUE,IF_DELETE,PARENT_ID,MEMO,TIME_CREATE,TIME_MODIFIED) values (111,'页',null,0,0,0,110,null,to_timestamp('20-8月 -09 09.47.39.578000000 下午','DD-MON-RR HH.MI.SS.FF AM'),to_timestamp('20-8月 -09 09.47.39.578000000 下午','DD-MON-RR HH.MI.SS.FF AM'));
Insert into DICTIONARY_SORT (ID,NAME,SEQ,TAXIS,DEFAULT_VALUE,IF_DELETE,PARENT_ID,MEMO,TIME_CREATE,TIME_MODIFIED) values (116,'米',null,0,0,0,110,null,to_timestamp('20-8月 -09 09.48.01.593000000 下午','DD-MON-RR HH.MI.SS.FF AM'),to_timestamp('20-8月 -09 09.48.01.593000000 下午','DD-MON-RR HH.MI.SS.FF AM'));
Insert into DICTIONARY_SORT (ID,NAME,SEQ,TAXIS,DEFAULT_VALUE,IF_DELETE,PARENT_ID,MEMO,TIME_CREATE,TIME_MODIFIED) values (118,'规格',null,0,0,0,0,null,to_timestamp('20-8月 -09 09.48.15.828000000 下午','DD-MON-RR HH.MI.SS.FF AM'),to_timestamp('20-8月 -09 09.48.15.828000000 下午','DD-MON-RR HH.MI.SS.FF AM'));
Insert into DICTIONARY_SORT (ID,NAME,SEQ,TAXIS,DEFAULT_VALUE,IF_DELETE,PARENT_ID,MEMO,TIME_CREATE,TIME_MODIFIED) values (119,'32开',null,0,0,0,118,null,to_timestamp('20-8月 -09 09.48.22.234000000 下午','DD-MON-RR HH.MI.SS.FF AM'),to_timestamp('20-8月 -09 09.48.22.234000000 下午','DD-MON-RR HH.MI.SS.FF AM'));
Insert into DICTIONARY_SORT (ID,NAME,SEQ,TAXIS,DEFAULT_VALUE,IF_DELETE,PARENT_ID,MEMO,TIME_CREATE,TIME_MODIFIED) values (130,'奖状',null,0,0,0,127,null,to_timestamp('20-8月 -09 09.49.52.156000000 下午','DD-MON-RR HH.MI.SS.FF AM'),to_timestamp('20-8月 -09 09.49.52.156000000 下午','DD-MON-RR HH.MI.SS.FF AM'));
Insert into DICTIONARY_SORT (ID,NAME,SEQ,TAXIS,DEFAULT_VALUE,IF_DELETE,PARENT_ID,MEMO,TIME_CREATE,TIME_MODIFIED) values (209,'国家档案局',null,0,0,0,28,null,to_timestamp('21-8月 -09 12.59.11.281000000 下午','DD-MON-RR HH.MI.SS.FF AM'),to_timestamp('21-8月 -09 12.59.11.281000000 下午','DD-MON-RR HH.MI.SS.FF AM'));
Insert into DICTIONARY_SORT (ID,NAME,SEQ,TAXIS,DEFAULT_VALUE,IF_DELETE,PARENT_ID,MEMO,TIME_CREATE,TIME_MODIFIED) values (211,'杭州市档案局',null,0,0,0,28,null,to_timestamp('21-8月 -09 12.59.24.812000000 下午','DD-MON-RR HH.MI.SS.FF AM'),to_timestamp('21-8月 -09 12.59.24.812000000 下午','DD-MON-RR HH.MI.SS.FF AM'));
Insert into DICTIONARY_SORT (ID,NAME,SEQ,TAXIS,DEFAULT_VALUE,IF_DELETE,PARENT_ID,MEMO,TIME_CREATE,TIME_MODIFIED) values (23,'特急','1',0,0,0,21,null,to_timestamp('20-8月 -09 09.28.56.125000000 下午','DD-MON-RR HH.MI.SS.FF AM'),to_timestamp('20-8月 -09 09.28.56.125000000 下午','DD-MON-RR HH.MI.SS.FF AM'));
Insert into DICTIONARY_SORT (ID,NAME,SEQ,TAXIS,DEFAULT_VALUE,IF_DELETE,PARENT_ID,MEMO,TIME_CREATE,TIME_MODIFIED) values (25,'类别',null,0,0,0,0,null,to_timestamp('20-8月 -09 09.29.21.828000000 下午','DD-MON-RR HH.MI.SS.FF AM'),to_timestamp('20-8月 -09 09.29.21.828000000 下午','DD-MON-RR HH.MI.SS.FF AM'));
Insert into DICTIONARY_SORT (ID,NAME,SEQ,TAXIS,DEFAULT_VALUE,IF_DELETE,PARENT_ID,MEMO,TIME_CREATE,TIME_MODIFIED) values (31,'自传',null,0,0,0,29,null,to_timestamp('20-8月 -09 09.30.43.875000000 下午','DD-MON-RR HH.MI.SS.FF AM'),to_timestamp('20-8月 -09 09.30.43.875000000 下午','DD-MON-RR HH.MI.SS.FF AM'));
Insert into DICTIONARY_SORT (ID,NAME,SEQ,TAXIS,DEFAULT_VALUE,IF_DELETE,PARENT_ID,MEMO,TIME_CREATE,TIME_MODIFIED) values (37,'满族',null,0,0,0,34,null,to_timestamp('20-8月 -09 09.32.04.062000000 下午','DD-MON-RR HH.MI.SS.FF AM'),to_timestamp('20-8月 -09 09.32.04.062000000 下午','DD-MON-RR HH.MI.SS.FF AM'));
Insert into DICTIONARY_SORT (ID,NAME,SEQ,TAXIS,DEFAULT_VALUE,IF_DELETE,PARENT_ID,MEMO,TIME_CREATE,TIME_MODIFIED) values (40,'已婚',null,0,0,0,38,null,to_timestamp('20-8月 -09 09.32.33.343000000 下午','DD-MON-RR HH.MI.SS.FF AM'),to_timestamp('20-8月 -09 09.32.33.343000000 下午','DD-MON-RR HH.MI.SS.FF AM'));
Insert into DICTIONARY_SORT (ID,NAME,SEQ,TAXIS,DEFAULT_VALUE,IF_DELETE,PARENT_ID,MEMO,TIME_CREATE,TIME_MODIFIED) values (51,'内部',null,0,0,0,46,null,to_timestamp('20-8月 -09 09.33.58.843000000 下午','DD-MON-RR HH.MI.SS.FF AM'),to_timestamp('20-8月 -09 09.33.58.843000000 下午','DD-MON-RR HH.MI.SS.FF AM'));
Insert into DICTIONARY_SORT (ID,NAME,SEQ,TAXIS,DEFAULT_VALUE,IF_DELETE,PARENT_ID,MEMO,TIME_CREATE,TIME_MODIFIED) values (53,'保管期限',null,0,0,0,0,null,to_timestamp('20-8月 -09 09.34.28.687000000 下午','DD-MON-RR HH.MI.SS.FF AM'),to_timestamp('20-8月 -09 09.34.28.687000000 下午','DD-MON-RR HH.MI.SS.FF AM'));
Insert into DICTIONARY_SORT (ID,NAME,SEQ,TAXIS,DEFAULT_VALUE,IF_DELETE,PARENT_ID,MEMO,TIME_CREATE,TIME_MODIFIED) values (54,'永久',null,0,0,0,53,null,to_timestamp('20-8月 -09 09.34.35.703000000 下午','DD-MON-RR HH.MI.SS.FF AM'),to_timestamp('20-8月 -09 09.34.35.703000000 下午','DD-MON-RR HH.MI.SS.FF AM'));
Insert into DICTIONARY_SORT (ID,NAME,SEQ,TAXIS,DEFAULT_VALUE,IF_DELETE,PARENT_ID,MEMO,TIME_CREATE,TIME_MODIFIED) values (59,'10年',null,0,0,0,53,null,to_timestamp('20-8月 -09 09.35.04.765000000 下午','DD-MON-RR HH.MI.SS.FF AM'),to_timestamp('20-8月 -09 09.35.04.765000000 下午','DD-MON-RR HH.MI.SS.FF AM'));
Insert into DICTIONARY_SORT (ID,NAME,SEQ,TAXIS,DEFAULT_VALUE,IF_DELETE,PARENT_ID,MEMO,TIME_CREATE,TIME_MODIFIED) values (61,'载体类型',null,0,0,0,0,null,to_timestamp('20-8月 -09 09.35.30.578000000 下午','DD-MON-RR HH.MI.SS.FF AM'),to_timestamp('20-8月 -09 09.35.30.578000000 下午','DD-MON-RR HH.MI.SS.FF AM'));
Insert into DICTIONARY_SORT (ID,NAME,SEQ,TAXIS,DEFAULT_VALUE,IF_DELETE,PARENT_ID,MEMO,TIME_CREATE,TIME_MODIFIED) values (62,'纸张',null,0,0,0,61,null,to_timestamp('20-8月 -09 09.35.43.625000000 下午','DD-MON-RR HH.MI.SS.FF AM'),to_timestamp('20-8月 -09 09.35.43.625000000 下午','DD-MON-RR HH.MI.SS.FF AM'));
Insert into DICTIONARY_SORT (ID,NAME,SEQ,TAXIS,DEFAULT_VALUE,IF_DELETE,PARENT_ID,MEMO,TIME_CREATE,TIME_MODIFIED) values (67,'简帛',null,0,0,0,61,null,to_timestamp('20-8月 -09 09.38.31.953000000 下午','DD-MON-RR HH.MI.SS.FF AM'),to_timestamp('20-8月 -09 09.38.31.953000000 下午','DD-MON-RR HH.MI.SS.FF AM'));
Insert into DICTIONARY_SORT (ID,NAME,SEQ,TAXIS,DEFAULT_VALUE,IF_DELETE,PARENT_ID,MEMO,TIME_CREATE,TIME_MODIFIED) values (72,'光盘',null,0,0,0,61,null,to_timestamp('20-8月 -09 09.39.09.093000000 下午','DD-MON-RR HH.MI.SS.FF AM'),to_timestamp('20-8月 -09 09.39.09.093000000 下午','DD-MON-RR HH.MI.SS.FF AM'));
Insert into DICTIONARY_SORT (ID,NAME,SEQ,TAXIS,DEFAULT_VALUE,IF_DELETE,PARENT_ID,MEMO,TIME_CREATE,TIME_MODIFIED) values (75,'未组卷',null,0,0,0,73,null,to_timestamp('20-8月 -09 09.39.47.765000000 下午','DD-MON-RR HH.MI.SS.FF AM'),to_timestamp('20-8月 -09 09.39.47.765000000 下午','DD-MON-RR HH.MI.SS.FF AM'));
Insert into DICTIONARY_SORT (ID,NAME,SEQ,TAXIS,DEFAULT_VALUE,IF_DELETE,PARENT_ID,MEMO,TIME_CREATE,TIME_MODIFIED) values (78,'决议',null,0,0,0,76,null,to_timestamp('20-8月 -09 09.40.11.234000000 下午','DD-MON-RR HH.MI.SS.FF AM'),to_timestamp('20-8月 -09 09.40.11.234000000 下午','DD-MON-RR HH.MI.SS.FF AM'));
Insert into DICTIONARY_SORT (ID,NAME,SEQ,TAXIS,DEFAULT_VALUE,IF_DELETE,PARENT_ID,MEMO,TIME_CREATE,TIME_MODIFIED) values (83,'函',null,0,0,0,76,null,to_timestamp('20-8月 -09 09.40.45.218000000 下午','DD-MON-RR HH.MI.SS.FF AM'),to_timestamp('20-8月 -09 09.40.45.218000000 下午','DD-MON-RR HH.MI.SS.FF AM'));
Insert into DICTIONARY_SORT (ID,NAME,SEQ,TAXIS,DEFAULT_VALUE,IF_DELETE,PARENT_ID,MEMO,TIME_CREATE,TIME_MODIFIED) values (88,'任务书',null,0,0,0,76,null,to_timestamp('20-8月 -09 09.41.18.265000000 下午','DD-MON-RR HH.MI.SS.FF AM'),to_timestamp('20-8月 -09 09.41.18.265000000 下午','DD-MON-RR HH.MI.SS.FF AM'));
Insert into DICTIONARY_SORT (ID,NAME,SEQ,TAXIS,DEFAULT_VALUE,IF_DELETE,PARENT_ID,MEMO,TIME_CREATE,TIME_MODIFIED) values (93,'赦',null,0,0,0,76,null,to_timestamp('20-8月 -09 09.44.47.453000000 下午','DD-MON-RR HH.MI.SS.FF AM'),to_timestamp('20-8月 -09 09.44.47.453000000 下午','DD-MON-RR HH.MI.SS.FF AM'));
Insert into DICTIONARY_SORT (ID,NAME,SEQ,TAXIS,DEFAULT_VALUE,IF_DELETE,PARENT_ID,MEMO,TIME_CREATE,TIME_MODIFIED) values (98,'经济建设',null,0,0,0,95,null,to_timestamp('20-8月 -09 09.45.49.250000000 下午','DD-MON-RR HH.MI.SS.FF AM'),to_timestamp('20-8月 -09 09.45.49.250000000 下午','DD-MON-RR HH.MI.SS.FF AM'));
Insert into DICTIONARY_SORT (ID,NAME,SEQ,TAXIS,DEFAULT_VALUE,IF_DELETE,PARENT_ID,MEMO,TIME_CREATE,TIME_MODIFIED) values (106,'其他',null,0,0,0,102,null,to_timestamp('20-8月 -09 09.47.04.031000000 下午','DD-MON-RR HH.MI.SS.FF AM'),to_timestamp('20-8月 -09 09.47.04.031000000 下午','DD-MON-RR HH.MI.SS.FF AM'));
Insert into DICTIONARY_SORT (ID,NAME,SEQ,TAXIS,DEFAULT_VALUE,IF_DELETE,PARENT_ID,MEMO,TIME_CREATE,TIME_MODIFIED) values (109,'女',null,0,0,0,107,null,to_timestamp('20-8月 -09 09.47.22.156000000 下午','DD-MON-RR HH.MI.SS.FF AM'),to_timestamp('20-8月 -09 09.47.22.156000000 下午','DD-MON-RR HH.MI.SS.FF AM'));
Insert into DICTIONARY_SORT (ID,NAME,SEQ,TAXIS,DEFAULT_VALUE,IF_DELETE,PARENT_ID,MEMO,TIME_CREATE,TIME_MODIFIED) values (112,'卷',null,0,0,0,110,null,to_timestamp('20-8月 -09 09.47.43.000000000 下午','DD-MON-RR HH.MI.SS.FF AM'),to_timestamp('20-8月 -09 09.47.43.000000000 下午','DD-MON-RR HH.MI.SS.FF AM'));
Insert into DICTIONARY_SORT (ID,NAME,SEQ,TAXIS,DEFAULT_VALUE,IF_DELETE,PARENT_ID,MEMO,TIME_CREATE,TIME_MODIFIED) values (117,'盘',null,0,0,0,110,null,to_timestamp('20-8月 -09 09.48.06.343000000 下午','DD-MON-RR HH.MI.SS.FF AM'),to_timestamp('20-8月 -09 09.48.06.343000000 下午','DD-MON-RR HH.MI.SS.FF AM'));
Insert into DICTIONARY_SORT (ID,NAME,SEQ,TAXIS,DEFAULT_VALUE,IF_DELETE,PARENT_ID,MEMO,TIME_CREATE,TIME_MODIFIED) values (120,'16开',null,0,0,0,118,null,to_timestamp('20-8月 -09 09.48.28.015000000 下午','DD-MON-RR HH.MI.SS.FF AM'),to_timestamp('20-8月 -09 09.48.28.015000000 下午','DD-MON-RR HH.MI.SS.FF AM'));
Insert into DICTIONARY_SORT (ID,NAME,SEQ,TAXIS,DEFAULT_VALUE,IF_DELETE,PARENT_ID,MEMO,TIME_CREATE,TIME_MODIFIED) values (21,'紧急程度',null,0,0,0,0,null,to_timestamp('20-8月 -09 09.27.49.031000000 下午','DD-MON-RR HH.MI.SS.FF AM'),to_timestamp('20-8月 -09 09.27.49.031000000 下午','DD-MON-RR HH.MI.SS.FF AM'));
Insert into DICTIONARY_SORT (ID,NAME,SEQ,TAXIS,DEFAULT_VALUE,IF_DELETE,PARENT_ID,MEMO,TIME_CREATE,TIME_MODIFIED) values (24,'平件','3',0,0,0,21,null,to_timestamp('20-8月 -09 09.29.08.937000000 下午','DD-MON-RR HH.MI.SS.FF AM'),to_timestamp('20-8月 -09 09.29.08.937000000 下午','DD-MON-RR HH.MI.SS.FF AM'));
Insert into DICTIONARY_SORT (ID,NAME,SEQ,TAXIS,DEFAULT_VALUE,IF_DELETE,PARENT_ID,MEMO,TIME_CREATE,TIME_MODIFIED) values (26,'签收人',null,0,0,0,0,null,to_timestamp('20-8月 -09 09.29.35.468000000 下午','DD-MON-RR HH.MI.SS.FF AM'),to_timestamp('20-8月 -09 09.29.35.468000000 下午','DD-MON-RR HH.MI.SS.FF AM'));
Insert into DICTIONARY_SORT (ID,NAME,SEQ,TAXIS,DEFAULT_VALUE,IF_DELETE,PARENT_ID,MEMO,TIME_CREATE,TIME_MODIFIED) values (41,'离异',null,0,0,0,38,null,to_timestamp('20-8月 -09 09.32.39.578000000 下午','DD-MON-RR HH.MI.SS.FF AM'),to_timestamp('20-8月 -09 09.32.39.578000000 下午','DD-MON-RR HH.MI.SS.FF AM'));
Insert into DICTIONARY_SORT (ID,NAME,SEQ,TAXIS,DEFAULT_VALUE,IF_DELETE,PARENT_ID,MEMO,TIME_CREATE,TIME_MODIFIED) values (43,'部门',null,0,0,0,0,null,to_timestamp('20-8月 -09 09.32.58.203000000 下午','DD-MON-RR HH.MI.SS.FF AM'),to_timestamp('20-8月 -09 09.32.58.203000000 下午','DD-MON-RR HH.MI.SS.FF AM'));
Insert into DICTIONARY_SORT (ID,NAME,SEQ,TAXIS,DEFAULT_VALUE,IF_DELETE,PARENT_ID,MEMO,TIME_CREATE,TIME_MODIFIED) values (44,'办公室',null,0,0,0,43,null,to_timestamp('20-8月 -09 09.33.08.234000000 下午','DD-MON-RR HH.MI.SS.FF AM'),to_timestamp('20-8月 -09 09.33.08.234000000 下午','DD-MON-RR HH.MI.SS.FF AM'));
Insert into DICTIONARY_SORT (ID,NAME,SEQ,TAXIS,DEFAULT_VALUE,IF_DELETE,PARENT_ID,MEMO,TIME_CREATE,TIME_MODIFIED) values (46,'密集',null,0,0,0,0,null,to_timestamp('20-8月 -09 09.33.25.687000000 下午','DD-MON-RR HH.MI.SS.FF AM'),to_timestamp('20-8月 -09 09.33.25.687000000 下午','DD-MON-RR HH.MI.SS.FF AM'));
Insert into DICTIONARY_SORT (ID,NAME,SEQ,TAXIS,DEFAULT_VALUE,IF_DELETE,PARENT_ID,MEMO,TIME_CREATE,TIME_MODIFIED) values (47,'绝密',null,0,0,0,46,null,to_timestamp('20-8月 -09 09.33.37.500000000 下午','DD-MON-RR HH.MI.SS.FF AM'),to_timestamp('20-8月 -09 09.33.37.500000000 下午','DD-MON-RR HH.MI.SS.FF AM'));
Insert into DICTIONARY_SORT (ID,NAME,SEQ,TAXIS,DEFAULT_VALUE,IF_DELETE,PARENT_ID,MEMO,TIME_CREATE,TIME_MODIFIED) values (52,'国内',null,0,0,0,46,null,to_timestamp('20-8月 -09 09.34.10.890000000 下午','DD-MON-RR HH.MI.SS.FF AM'),to_timestamp('20-8月 -09 09.34.10.890000000 下午','DD-MON-RR HH.MI.SS.FF AM'));
Insert into DICTIONARY_SORT (ID,NAME,SEQ,TAXIS,DEFAULT_VALUE,IF_DELETE,PARENT_ID,MEMO,TIME_CREATE,TIME_MODIFIED) values (55,'长期',null,0,0,0,53,null,to_timestamp('20-8月 -09 09.34.41.218000000 下午','DD-MON-RR HH.MI.SS.FF AM'),to_timestamp('20-8月 -09 09.34.41.218000000 下午','DD-MON-RR HH.MI.SS.FF AM'));
Insert into DICTIONARY_SORT (ID,NAME,SEQ,TAXIS,DEFAULT_VALUE,IF_DELETE,PARENT_ID,MEMO,TIME_CREATE,TIME_MODIFIED) values (60,'5年',null,0,0,0,53,null,to_timestamp('20-8月 -09 09.35.11.046000000 下午','DD-MON-RR HH.MI.SS.FF AM'),to_timestamp('20-8月 -09 09.35.11.046000000 下午','DD-MON-RR HH.MI.SS.FF AM'));
Insert into DICTIONARY_SORT (ID,NAME,SEQ,TAXIS,DEFAULT_VALUE,IF_DELETE,PARENT_ID,MEMO,TIME_CREATE,TIME_MODIFIED) values (63,'金石',null,0,0,0,61,null,to_timestamp('20-8月 -09 09.35.58.781000000 下午','DD-MON-RR HH.MI.SS.FF AM'),to_timestamp('20-8月 -09 09.35.58.781000000 下午','DD-MON-RR HH.MI.SS.FF AM'));
Insert into DICTIONARY_SORT (ID,NAME,SEQ,TAXIS,DEFAULT_VALUE,IF_DELETE,PARENT_ID,MEMO,TIME_CREATE,TIME_MODIFIED) values (68,'胶片',null,0,0,0,61,null,to_timestamp('20-8月 -09 09.38.41.671000000 下午','DD-MON-RR HH.MI.SS.FF AM'),to_timestamp('20-8月 -09 09.38.41.671000000 下午','DD-MON-RR HH.MI.SS.FF AM'));
Insert into DICTIONARY_SORT (ID,NAME,SEQ,TAXIS,DEFAULT_VALUE,IF_DELETE,PARENT_ID,MEMO,TIME_CREATE,TIME_MODIFIED) values (79,'指示',null,0,0,0,76,null,to_timestamp('20-8月 -09 09.40.17.468000000 下午','DD-MON-RR HH.MI.SS.FF AM'),to_timestamp('20-8月 -09 09.40.17.468000000 下午','DD-MON-RR HH.MI.SS.FF AM'));
Insert into DICTIONARY_SORT (ID,NAME,SEQ,TAXIS,DEFAULT_VALUE,IF_DELETE,PARENT_ID,MEMO,TIME_CREATE,TIME_MODIFIED) values (84,'会议纪要',null,0,0,0,76,null,to_timestamp('20-8月 -09 09.40.57.109000000 下午','DD-MON-RR HH.MI.SS.FF AM'),to_timestamp('20-8月 -09 09.40.57.109000000 下午','DD-MON-RR HH.MI.SS.FF AM'));
Insert into DICTIONARY_SORT (ID,NAME,SEQ,TAXIS,DEFAULT_VALUE,IF_DELETE,PARENT_ID,MEMO,TIME_CREATE,TIME_MODIFIED) values (89,'判决书',null,0,0,0,76,null,to_timestamp('20-8月 -09 09.41.25.468000000 下午','DD-MON-RR HH.MI.SS.FF AM'),to_timestamp('20-8月 -09 09.41.25.468000000 下午','DD-MON-RR HH.MI.SS.FF AM'));
Insert into DICTIONARY_SORT (ID,NAME,SEQ,TAXIS,DEFAULT_VALUE,IF_DELETE,PARENT_ID,MEMO,TIME_CREATE,TIME_MODIFIED) values (94,'奏折',null,0,0,0,76,null,to_timestamp('20-8月 -09 09.44.54.359000000 下午','DD-MON-RR HH.MI.SS.FF AM'),to_timestamp('20-8月 -09 09.44.54.359000000 下午','DD-MON-RR HH.MI.SS.FF AM'));
Insert into DICTIONARY_SORT (ID,NAME,SEQ,TAXIS,DEFAULT_VALUE,IF_DELETE,PARENT_ID,MEMO,TIME_CREATE,TIME_MODIFIED) values (99,'落实政策',null,0,0,0,95,null,to_timestamp('20-8月 -09 09.45.58.437000000 下午','DD-MON-RR HH.MI.SS.FF AM'),to_timestamp('20-8月 -09 09.45.58.437000000 下午','DD-MON-RR HH.MI.SS.FF AM'));
Insert into DICTIONARY_SORT (ID,NAME,SEQ,TAXIS,DEFAULT_VALUE,IF_DELETE,PARENT_ID,MEMO,TIME_CREATE,TIME_MODIFIED) values (113,'册',null,0,0,0,110,null,to_timestamp('20-8月 -09 09.47.47.906000000 下午','DD-MON-RR HH.MI.SS.FF AM'),to_timestamp('20-8月 -09 09.47.47.906000000 下午','DD-MON-RR HH.MI.SS.FF AM'));
Insert into DICTIONARY_SORT (ID,NAME,SEQ,TAXIS,DEFAULT_VALUE,IF_DELETE,PARENT_ID,MEMO,TIME_CREATE,TIME_MODIFIED) values (121,'8开',null,0,0,0,118,null,to_timestamp('20-8月 -09 09.48.31.875000000 下午','DD-MON-RR HH.MI.SS.FF AM'),to_timestamp('20-8月 -09 09.48.31.875000000 下午','DD-MON-RR HH.MI.SS.FF AM'));
Insert into DICTIONARY_SORT (ID,NAME,SEQ,TAXIS,DEFAULT_VALUE,IF_DELETE,PARENT_ID,MEMO,TIME_CREATE,TIME_MODIFIED) values (123,'是否归档',null,0,0,0,0,null,to_timestamp('20-8月 -09 09.48.47.625000000 下午','DD-MON-RR HH.MI.SS.FF AM'),to_timestamp('20-8月 -09 09.48.47.625000000 下午','DD-MON-RR HH.MI.SS.FF AM'));
Insert into DICTIONARY_SORT (ID,NAME,SEQ,TAXIS,DEFAULT_VALUE,IF_DELETE,PARENT_ID,MEMO,TIME_CREATE,TIME_MODIFIED) values (124,'需归档',null,0,0,0,123,null,to_timestamp('20-8月 -09 09.48.55.828000000 下午','DD-MON-RR HH.MI.SS.FF AM'),to_timestamp('20-8月 -09 09.48.55.828000000 下午','DD-MON-RR HH.MI.SS.FF AM'));
Insert into DICTIONARY_SORT (ID,NAME,SEQ,TAXIS,DEFAULT_VALUE,IF_DELETE,PARENT_ID,MEMO,TIME_CREATE,TIME_MODIFIED) values (210,'浙江省档案局',null,0,0,0,28,null,to_timestamp('21-8月 -09 12.59.20.218000000 下午','DD-MON-RR HH.MI.SS.FF AM'),to_timestamp('21-8月 -09 12.59.20.218000000 下午','DD-MON-RR HH.MI.SS.FF AM'));

---------------------------------------------------
--   END DATA FOR TABLE DICTIONARY_SORT
---------------------------------------------------


---------------------------------------------------
--   DATA FOR TABLE FILES
--   FILTER = none used
---------------------------------------------------
REM INSERTING into FILES
Insert into FILES (ID,INFO_SORT_ID,TITLE,A1,A2,A3,A4,A5,A6,A7,A8,A9,A10,A11,A12,A13,A14,A15,A16,A17,A18,A19,A20,A21,A22,A23,A24,A25,A26,A27,A28,A29,A30,A31,A32,A33,A34,A35,A36,A37,A38,A39,A40,A41,A42,A43,A44,A45,A46,A47,A48,A49,A50,A120,PAR_INFO_SORT_ID,TYPE) values (412,227,null,'test888',null,null,null,null,null,null,null,null,null,null,null,null,null,null,null,null,null,null,'test',null,null,null,null,null,null,null,null,null,null,null,null,null,null,null,null,null,null,null,null,null,null,null,null,null,null,null,null,null,null,null,0,1);
Insert into FILES (ID,INFO_SORT_ID,TITLE,A1,A2,A3,A4,A5,A6,A7,A8,A9,A10,A11,A12,A13,A14,A15,A16,A17,A18,A19,A20,A21,A22,A23,A24,A25,A26,A27,A28,A29,A30,A31,A32,A33,A34,A35,A36,A37,A38,A39,A40,A41,A42,A43,A44,A45,A46,A47,A48,A49,A50,A120,PAR_INFO_SORT_ID,TYPE) values (408,227,null,'A0021',null,'2009-08-30','字号','实体分类号','2000','A002','长期',null,'机密','实体分类号',null,null,'页数','责任者','主题词','登记号',null,null,'备注',null,null,null,null,null,null,null,null,null,null,null,null,null,null,null,null,null,null,null,null,null,null,null,null,null,null,null,null,null,null,null,0,0);
Insert into FILES (ID,INFO_SORT_ID,TITLE,A1,A2,A3,A4,A5,A6,A7,A8,A9,A10,A11,A12,A13,A14,A15,A16,A17,A18,A19,A20,A21,A22,A23,A24,A25,A26,A27,A28,A29,A30,A31,A32,A33,A34,A35,A36,A37,A38,A39,A40,A41,A42,A43,A44,A45,A46,A47,A48,A49,A50,A120,PAR_INFO_SORT_ID,TYPE) values (413,226,null,'test123',null,null,null,null,'2009','A001','短期',null,null,null,null,null,null,null,null,null,null,null,null,null,null,null,null,null,null,null,null,null,null,null,null,null,null,null,null,null,null,null,null,null,null,null,null,null,null,null,null,null,null,null,0,1);
Insert into FILES (ID,INFO_SORT_ID,TITLE,A1,A2,A3,A4,A5,A6,A7,A8,A9,A10,A11,A12,A13,A14,A15,A16,A17,A18,A19,A20,A21,A22,A23,A24,A25,A26,A27,A28,A29,A30,A31,A32,A33,A34,A35,A36,A37,A38,A39,A40,A41,A42,A43,A44,A45,A46,A47,A48,A49,A50,A120,PAR_INFO_SORT_ID,TYPE) values (415,227,null,'test123',null,null,null,null,'8888','A001','30年',null,null,null,null,null,null,null,null,null,null,null,null,null,null,null,null,null,null,null,null,null,null,null,null,null,null,null,null,null,null,null,null,null,null,null,null,null,null,null,null,null,null,null,0,1);
Insert into FILES (ID,INFO_SORT_ID,TITLE,A1,A2,A3,A4,A5,A6,A7,A8,A9,A10,A11,A12,A13,A14,A15,A16,A17,A18,A19,A20,A21,A22,A23,A24,A25,A26,A27,A28,A29,A30,A31,A32,A33,A34,A35,A36,A37,A38,A39,A40,A41,A42,A43,A44,A45,A46,A47,A48,A49,A50,A120,PAR_INFO_SORT_ID,TYPE) values (411,227,null,'未归档文件',null,null,null,'未归档文件',null,null,null,null,null,null,null,null,null,null,null,null,null,null,null,null,null,null,null,null,null,null,null,null,null,null,null,null,null,null,null,null,null,null,null,null,null,null,null,null,null,null,null,null,null,null,0,-1);
Insert into FILES (ID,INFO_SORT_ID,TITLE,A1,A2,A3,A4,A5,A6,A7,A8,A9,A10,A11,A12,A13,A14,A15,A16,A17,A18,A19,A20,A21,A22,A23,A24,A25,A26,A27,A28,A29,A30,A31,A32,A33,A34,A35,A36,A37,A38,A39,A40,A41,A42,A43,A44,A45,A46,A47,A48,A49,A50,A120,PAR_INFO_SORT_ID,TYPE) values (407,137,null,'登记号','2009-08-30','字号','责任者','实体分类号','126','文件份数','30年','主题词','备注','国家档案局',null,'页数','2009-08-30','分发情况','传阅情况','处理情况','存放位置','全宗号','实体分类号','机密','年度','紧急情况','类别','主办单位',null,null,null,null,null,null,null,null,null,null,null,null,null,null,null,null,null,null,null,null,null,null,null,null,null,'签收人',0,1);
Insert into FILES (ID,INFO_SORT_ID,TITLE,A1,A2,A3,A4,A5,A6,A7,A8,A9,A10,A11,A12,A13,A14,A15,A16,A17,A18,A19,A20,A21,A22,A23,A24,A25,A26,A27,A28,A29,A30,A31,A32,A33,A34,A35,A36,A37,A38,A39,A40,A41,A42,A43,A44,A45,A46,A47,A48,A49,A50,A120,PAR_INFO_SORT_ID,TYPE) values (409,226,null,'案卷级档号 ','总件数','秘密','存放位置','题名','全宗号: ','目录号','归档年度','短期','实体分类号','案卷号',null,'2009-08-08','2009-08-01',null,'2009-08-30','备注','办公室',null,null,null,null,null,null,null,null,null,null,null,null,null,null,null,null,null,null,null,null,null,null,null,null,null,null,null,null,null,null,null,null,'总页数',0,-1);
Insert into FILES (ID,INFO_SORT_ID,TITLE,A1,A2,A3,A4,A5,A6,A7,A8,A9,A10,A11,A12,A13,A14,A15,A16,A17,A18,A19,A20,A21,A22,A23,A24,A25,A26,A27,A28,A29,A30,A31,A32,A33,A34,A35,A36,A37,A38,A39,A40,A41,A42,A43,A44,A45,A46,A47,A48,A49,A50,A120,PAR_INFO_SORT_ID,TYPE) values (414,227,null,'test23',null,null,null,null,null,null,null,null,null,null,null,null,null,null,null,null,null,null,null,null,null,null,null,null,null,null,null,null,null,null,null,null,null,null,null,null,null,null,null,null,null,null,null,null,null,null,null,null,null,null,0,1);
Insert into FILES (ID,INFO_SORT_ID,TITLE,A1,A2,A3,A4,A5,A6,A7,A8,A9,A10,A11,A12,A13,A14,A15,A16,A17,A18,A19,A20,A21,A22,A23,A24,A25,A26,A27,A28,A29,A30,A31,A32,A33,A34,A35,A36,A37,A38,A39,A40,A41,A42,A43,A44,A45,A46,A47,A48,A49,A50,A120,PAR_INFO_SORT_ID,TYPE) values (410,137,null,null,'2009-08-30',null,null,'testa','需归档',null,null,null,'test','浙江省档案局',null,null,null,'test','etest','estst',null,null,null,null,null,null,null,null,null,null,null,null,null,null,null,null,null,null,null,null,null,null,null,null,null,null,null,null,null,null,null,null,null,null,0,0);

---------------------------------------------------
--   END DATA FOR TABLE FILES
---------------------------------------------------


---------------------------------------------------
--   DATA FOR TABLE FILE_PIGEONHOLE
--   FILTER = none used
---------------------------------------------------
REM INSERTING into FILE_PIGEONHOLE
Insert into FILE_PIGEONHOLE (ID,INFO_SORT_ID,INFO_COLUMN,INFO_COLUMN_TO,TIME_CREATE,TIME_MODIFIED) values (330,137,'a1','a17',to_timestamp('29-8月 -09 10.46.13.140000000 上午','DD-MON-RR HH.MI.SS.FF AM'),to_timestamp('29-8月 -09 10.46.13.140000000 上午','DD-MON-RR HH.MI.SS.FF AM'));
Insert into FILE_PIGEONHOLE (ID,INFO_SORT_ID,INFO_COLUMN,INFO_COLUMN_TO,TIME_CREATE,TIME_MODIFIED) values (332,137,'a5','a5',to_timestamp('29-8月 -09 10.59.35.265000000 上午','DD-MON-RR HH.MI.SS.FF AM'),to_timestamp('29-8月 -09 10.59.35.265000000 上午','DD-MON-RR HH.MI.SS.FF AM'));
Insert into FILE_PIGEONHOLE (ID,INFO_SORT_ID,INFO_COLUMN,INFO_COLUMN_TO,TIME_CREATE,TIME_MODIFIED) values (335,137,'a7','a6',to_timestamp('29-8月 -09 11.05.50.562000000 上午','DD-MON-RR HH.MI.SS.FF AM'),to_timestamp('29-8月 -09 11.05.50.562000000 上午','DD-MON-RR HH.MI.SS.FF AM'));
Insert into FILE_PIGEONHOLE (ID,INFO_SORT_ID,INFO_COLUMN,INFO_COLUMN_TO,TIME_CREATE,TIME_MODIFIED) values (339,137,'a8','a7',to_timestamp('29-8月 -09 11.06.58.781000000 上午','DD-MON-RR HH.MI.SS.FF AM'),to_timestamp('29-8月 -09 11.06.58.781000000 上午','DD-MON-RR HH.MI.SS.FF AM'));
Insert into FILE_PIGEONHOLE (ID,INFO_SORT_ID,INFO_COLUMN,INFO_COLUMN_TO,TIME_CREATE,TIME_MODIFIED) values (340,137,'a14','a3',to_timestamp('29-8月 -09 11.07.31.046000000 上午','DD-MON-RR HH.MI.SS.FF AM'),to_timestamp('29-8月 -09 11.07.31.046000000 上午','DD-MON-RR HH.MI.SS.FF AM'));
Insert into FILE_PIGEONHOLE (ID,INFO_SORT_ID,INFO_COLUMN,INFO_COLUMN_TO,TIME_CREATE,TIME_MODIFIED) values (316,137,'a20','a11',to_timestamp('27-8月 -09 01.21.36.656000000 上午','DD-MON-RR HH.MI.SS.FF AM'),to_timestamp('27-8月 -09 01.21.36.656000000 上午','DD-MON-RR HH.MI.SS.FF AM'));
Insert into FILE_PIGEONHOLE (ID,INFO_SORT_ID,INFO_COLUMN,INFO_COLUMN_TO,TIME_CREATE,TIME_MODIFIED) values (333,137,'a10','a20',to_timestamp('29-8月 -09 11.02.04.484000000 上午','DD-MON-RR HH.MI.SS.FF AM'),to_timestamp('29-8月 -09 11.02.04.484000000 上午','DD-MON-RR HH.MI.SS.FF AM'));
Insert into FILE_PIGEONHOLE (ID,INFO_SORT_ID,INFO_COLUMN,INFO_COLUMN_TO,TIME_CREATE,TIME_MODIFIED) values (337,137,'a21','a10',to_timestamp('29-8月 -09 11.06.21.437000000 上午','DD-MON-RR HH.MI.SS.FF AM'),to_timestamp('29-8月 -09 11.06.21.437000000 上午','DD-MON-RR HH.MI.SS.FF AM'));
Insert into FILE_PIGEONHOLE (ID,INFO_SORT_ID,INFO_COLUMN,INFO_COLUMN_TO,TIME_CREATE,TIME_MODIFIED) values (315,0,null,null,to_timestamp('27-8月 -09 01.20.41.406000000 上午','DD-MON-RR HH.MI.SS.FF AM'),to_timestamp('27-8月 -09 01.20.41.406000000 上午','DD-MON-RR HH.MI.SS.FF AM'));
Insert into FILE_PIGEONHOLE (ID,INFO_SORT_ID,INFO_COLUMN,INFO_COLUMN_TO,TIME_CREATE,TIME_MODIFIED) values (331,137,'a19','a8',to_timestamp('29-8月 -09 10.50.50.359000000 上午','DD-MON-RR HH.MI.SS.FF AM'),to_timestamp('29-8月 -09 10.50.50.359000000 上午','DD-MON-RR HH.MI.SS.FF AM'));
Insert into FILE_PIGEONHOLE (ID,INFO_SORT_ID,INFO_COLUMN,INFO_COLUMN_TO,TIME_CREATE,TIME_MODIFIED) values (336,137,'a4','a15',to_timestamp('29-8月 -09 11.06.09.375000000 上午','DD-MON-RR HH.MI.SS.FF AM'),to_timestamp('29-8月 -09 11.06.09.375000000 上午','DD-MON-RR HH.MI.SS.FF AM'));
Insert into FILE_PIGEONHOLE (ID,INFO_SORT_ID,INFO_COLUMN,INFO_COLUMN_TO,TIME_CREATE,TIME_MODIFIED) values (338,137,'a9','a16',to_timestamp('29-8月 -09 11.06.44.734000000 上午','DD-MON-RR HH.MI.SS.FF AM'),to_timestamp('29-8月 -09 11.06.44.734000000 上午','DD-MON-RR HH.MI.SS.FF AM'));
Insert into FILE_PIGEONHOLE (ID,INFO_SORT_ID,INFO_COLUMN,INFO_COLUMN_TO,TIME_CREATE,TIME_MODIFIED) values (329,137,'a3','a4',to_timestamp('29-8月 -09 10.41.21.578000000 上午','DD-MON-RR HH.MI.SS.FF AM'),to_timestamp('29-8月 -09 10.41.21.578000000 上午','DD-MON-RR HH.MI.SS.FF AM'));
Insert into FILE_PIGEONHOLE (ID,INFO_SORT_ID,INFO_COLUMN,INFO_COLUMN_TO,TIME_CREATE,TIME_MODIFIED) values (334,137,'a13','a14',to_timestamp('29-8月 -09 11.04.28.625000000 上午','DD-MON-RR HH.MI.SS.FF AM'),to_timestamp('29-8月 -09 11.04.28.625000000 上午','DD-MON-RR HH.MI.SS.FF AM'));

---------------------------------------------------
--   END DATA FOR TABLE FILE_PIGEONHOLE
---------------------------------------------------


---------------------------------------------------
--   DATA FOR TABLE INFO_SORT
--   FILTER = none used
---------------------------------------------------
REM INSERTING into INFO_SORT
Insert into INFO_SORT (ID,NAME,SEQ,TAXIS,TYPE,PARENT_ID,TIME_CREATE,TIME_MODIFIED,ONE_FLOOR,TWO_FLOOR,THREE_FLOOR,STATUS) values (132,'文件','1',0,0,0,to_timestamp('20-8月 -09 09.50.45.609000000 下午','DD-MON-RR HH.MI.SS.FF AM'),to_timestamp('20-8月 -09 09.50.45.609000000 下午','DD-MON-RR HH.MI.SS.FF AM'),null,null,null,0);
Insert into INFO_SORT (ID,NAME,SEQ,TAXIS,TYPE,PARENT_ID,TIME_CREATE,TIME_MODIFIED,ONE_FLOOR,TWO_FLOOR,THREE_FLOOR,STATUS) values (138,'发文','0102',0,2,132,to_timestamp('20-8月 -09 09.52.24.421000000 下午','DD-MON-RR HH.MI.SS.FF AM'),to_timestamp('23-8月 -09 11.37.20.015000000 上午','DD-MON-RR HH.MI.SS.FF AM'),'发文',null,null,0);
Insert into INFO_SORT (ID,NAME,SEQ,TAXIS,TYPE,PARENT_ID,TIME_CREATE,TIME_MODIFIED,ONE_FLOOR,TWO_FLOOR,THREE_FLOOR,STATUS) values (212,'帐外文件','0104',0,2,132,to_timestamp('21-8月 -09 01.01.50.406000000 下午','DD-MON-RR HH.MI.SS.FF AM'),to_timestamp('23-8月 -09 11.37.53.375000000 上午','DD-MON-RR HH.MI.SS.FF AM'),'帐外文件',null,null,0);
Insert into INFO_SORT (ID,NAME,SEQ,TAXIS,TYPE,PARENT_ID,TIME_CREATE,TIME_MODIFIED,ONE_FLOOR,TWO_FLOOR,THREE_FLOOR,STATUS) values (213,'建国后','1',0,0,133,to_timestamp('22-8月 -09 10.02.28.296000000 上午','DD-MON-RR HH.MI.SS.FF AM'),to_timestamp('22-8月 -09 10.02.28.296000000 上午','DD-MON-RR HH.MI.SS.FF AM'),null,null,null,0);
Insert into INFO_SORT (ID,NAME,SEQ,TAXIS,TYPE,PARENT_ID,TIME_CREATE,TIME_MODIFIED,ONE_FLOOR,TWO_FLOOR,THREE_FLOOR,STATUS) values (133,'档案','2',0,0,0,to_timestamp('20-8月 -09 09.50.54.750000000 下午','DD-MON-RR HH.MI.SS.FF AM'),to_timestamp('20-8月 -09 09.50.54.750000000 下午','DD-MON-RR HH.MI.SS.FF AM'),null,null,null,0);
Insert into INFO_SORT (ID,NAME,SEQ,TAXIS,TYPE,PARENT_ID,TIME_CREATE,TIME_MODIFIED,ONE_FLOOR,TWO_FLOOR,THREE_FLOOR,STATUS) values (139,'内部文件','0103',0,2,132,to_timestamp('20-8月 -09 09.52.34.687000000 下午','DD-MON-RR HH.MI.SS.FF AM'),to_timestamp('23-8月 -09 11.38.07.937000000 上午','DD-MON-RR HH.MI.SS.FF AM'),'内部文件',null,null,0);
Insert into INFO_SORT (ID,NAME,SEQ,TAXIS,TYPE,PARENT_ID,TIME_CREATE,TIME_MODIFIED,ONE_FLOOR,TWO_FLOOR,THREE_FLOOR,STATUS) values (215,'001','1',0,0,213,to_timestamp('22-8月 -09 10.04.21.796000000 上午','DD-MON-RR HH.MI.SS.FF AM'),to_timestamp('22-8月 -09 10.04.21.796000000 上午','DD-MON-RR HH.MI.SS.FF AM'),null,null,null,0);
Insert into INFO_SORT (ID,NAME,SEQ,TAXIS,TYPE,PARENT_ID,TIME_CREATE,TIME_MODIFIED,ONE_FLOOR,TWO_FLOOR,THREE_FLOOR,STATUS) values (221,'人事档案','6',0,2,215,to_timestamp('22-8月 -09 10.06.18.562000000 上午','DD-MON-RR HH.MI.SS.FF AM'),to_timestamp('22-8月 -09 10.06.18.562000000 上午','DD-MON-RR HH.MI.SS.FF AM'),null,null,null,0);
Insert into INFO_SORT (ID,NAME,SEQ,TAXIS,TYPE,PARENT_ID,TIME_CREATE,TIME_MODIFIED,ONE_FLOOR,TWO_FLOOR,THREE_FLOOR,STATUS) values (224,'照片档案','2',0,2,217,to_timestamp('22-8月 -09 10.11.23.406000000 上午','DD-MON-RR HH.MI.SS.FF AM'),to_timestamp('22-8月 -09 10.11.23.406000000 上午','DD-MON-RR HH.MI.SS.FF AM'),null,null,null,0);
Insert into INFO_SORT (ID,NAME,SEQ,TAXIS,TYPE,PARENT_ID,TIME_CREATE,TIME_MODIFIED,ONE_FLOOR,TWO_FLOOR,THREE_FLOOR,STATUS) values (134,'资料','3',0,0,0,to_timestamp('20-8月 -09 09.51.19.593000000 下午','DD-MON-RR HH.MI.SS.FF AM'),to_timestamp('20-8月 -09 09.51.19.593000000 下午','DD-MON-RR HH.MI.SS.FF AM'),null,null,null,0);
Insert into INFO_SORT (ID,NAME,SEQ,TAXIS,TYPE,PARENT_ID,TIME_CREATE,TIME_MODIFIED,ONE_FLOOR,TWO_FLOOR,THREE_FLOOR,STATUS) values (135,'图书','4',0,0,0,to_timestamp('20-8月 -09 09.51.26.796000000 下午','DD-MON-RR HH.MI.SS.FF AM'),to_timestamp('20-8月 -09 09.51.26.796000000 下午','DD-MON-RR HH.MI.SS.FF AM'),null,null,null,0);
Insert into INFO_SORT (ID,NAME,SEQ,TAXIS,TYPE,PARENT_ID,TIME_CREATE,TIME_MODIFIED,ONE_FLOOR,TWO_FLOOR,THREE_FLOOR,STATUS) values (226,'传统方法整理','1',0,2,219,to_timestamp('22-8月 -09 10.28.34.437000000 上午','DD-MON-RR HH.MI.SS.FF AM'),to_timestamp('30-8月 -09 12.58.16.796000000 下午','DD-MON-RR HH.MI.SS.FF AM'),'文书案卷目录','文书案卷内文件目录',null,1);
Insert into INFO_SORT (ID,NAME,SEQ,TAXIS,TYPE,PARENT_ID,TIME_CREATE,TIME_MODIFIED,ONE_FLOOR,TWO_FLOOR,THREE_FLOOR,STATUS) values (217,'特种载体','2',0,0,215,to_timestamp('22-8月 -09 10.04.53.500000000 上午','DD-MON-RR HH.MI.SS.FF AM'),to_timestamp('22-8月 -09 10.04.53.500000000 上午','DD-MON-RR HH.MI.SS.FF AM'),null,null,null,0);
Insert into INFO_SORT (ID,NAME,SEQ,TAXIS,TYPE,PARENT_ID,TIME_CREATE,TIME_MODIFIED,ONE_FLOOR,TWO_FLOOR,THREE_FLOOR,STATUS) values (218,'业务档案','3',0,0,215,to_timestamp('22-8月 -09 10.05.25.406000000 上午','DD-MON-RR HH.MI.SS.FF AM'),to_timestamp('22-8月 -09 10.05.25.406000000 上午','DD-MON-RR HH.MI.SS.FF AM'),null,null,null,0);
Insert into INFO_SORT (ID,NAME,SEQ,TAXIS,TYPE,PARENT_ID,TIME_CREATE,TIME_MODIFIED,ONE_FLOOR,TWO_FLOOR,THREE_FLOOR,STATUS) values (220,'科技档案','5',0,0,215,to_timestamp('22-8月 -09 10.05.56.265000000 上午','DD-MON-RR HH.MI.SS.FF AM'),to_timestamp('22-8月 -09 10.05.56.265000000 上午','DD-MON-RR HH.MI.SS.FF AM'),null,null,null,0);
Insert into INFO_SORT (ID,NAME,SEQ,TAXIS,TYPE,PARENT_ID,TIME_CREATE,TIME_MODIFIED,ONE_FLOOR,TWO_FLOOR,THREE_FLOOR,STATUS) values (222,'凭证','1',0,2,216,to_timestamp('22-8月 -09 10.09.36.234000000 上午','DD-MON-RR HH.MI.SS.FF AM'),to_timestamp('22-8月 -09 10.09.36.234000000 上午','DD-MON-RR HH.MI.SS.FF AM'),null,null,null,0);
Insert into INFO_SORT (ID,NAME,SEQ,TAXIS,TYPE,PARENT_ID,TIME_CREATE,TIME_MODIFIED,ONE_FLOOR,TWO_FLOOR,THREE_FLOOR,STATUS) values (225,'实物档案','3',0,0,217,to_timestamp('22-8月 -09 10.11.35.937000000 上午','DD-MON-RR HH.MI.SS.FF AM'),to_timestamp('22-8月 -09 10.11.35.937000000 上午','DD-MON-RR HH.MI.SS.FF AM'),null,null,null,0);
Insert into INFO_SORT (ID,NAME,SEQ,TAXIS,TYPE,PARENT_ID,TIME_CREATE,TIME_MODIFIED,ONE_FLOOR,TWO_FLOOR,THREE_FLOOR,STATUS) values (227,'简化方法管理','2',0,2,219,to_timestamp('22-8月 -09 10.28.48.859000000 上午','DD-MON-RR HH.MI.SS.FF AM'),to_timestamp('23-8月 -09 11.36.57.187000000 上午','DD-MON-RR HH.MI.SS.FF AM'),'归档文件',null,null,0);
Insert into INFO_SORT (ID,NAME,SEQ,TAXIS,TYPE,PARENT_ID,TIME_CREATE,TIME_MODIFIED,ONE_FLOOR,TWO_FLOOR,THREE_FLOOR,STATUS) values (136,'档案编研','5',0,0,0,to_timestamp('20-8月 -09 09.51.40.250000000 下午','DD-MON-RR HH.MI.SS.FF AM'),to_timestamp('20-8月 -09 09.51.40.250000000 下午','DD-MON-RR HH.MI.SS.FF AM'),null,null,null,0);
Insert into INFO_SORT (ID,NAME,SEQ,TAXIS,TYPE,PARENT_ID,TIME_CREATE,TIME_MODIFIED,ONE_FLOOR,TWO_FLOOR,THREE_FLOOR,STATUS) values (137,'收文','0101',0,2,132,to_timestamp('20-8月 -09 09.52.16.921000000 下午','DD-MON-RR HH.MI.SS.FF AM'),to_timestamp('23-8月 -09 11.37.32.843000000 上午','DD-MON-RR HH.MI.SS.FF AM'),'收文',null,null,0);
Insert into INFO_SORT (ID,NAME,SEQ,TAXIS,TYPE,PARENT_ID,TIME_CREATE,TIME_MODIFIED,ONE_FLOOR,TWO_FLOOR,THREE_FLOOR,STATUS) values (223,'光盘、录像带','1',0,2,217,to_timestamp('22-8月 -09 10.10.40.234000000 上午','DD-MON-RR HH.MI.SS.FF AM'),to_timestamp('22-8月 -09 10.10.40.234000000 上午','DD-MON-RR HH.MI.SS.FF AM'),null,null,null,0);
Insert into INFO_SORT (ID,NAME,SEQ,TAXIS,TYPE,PARENT_ID,TIME_CREATE,TIME_MODIFIED,ONE_FLOOR,TWO_FLOOR,THREE_FLOOR,STATUS) values (216,'会计档案','1',0,0,215,to_timestamp('22-8月 -09 10.04.38.734000000 上午','DD-MON-RR HH.MI.SS.FF AM'),to_timestamp('22-8月 -09 10.04.38.734000000 上午','DD-MON-RR HH.MI.SS.FF AM'),null,null,null,0);
Insert into INFO_SORT (ID,NAME,SEQ,TAXIS,TYPE,PARENT_ID,TIME_CREATE,TIME_MODIFIED,ONE_FLOOR,TWO_FLOOR,THREE_FLOOR,STATUS) values (219,'文书档案','4',0,0,215,to_timestamp('22-8月 -09 10.05.40.765000000 上午','DD-MON-RR HH.MI.SS.FF AM'),to_timestamp('22-8月 -09 10.28.18.109000000 上午','DD-MON-RR HH.MI.SS.FF AM'),null,null,null,0);

---------------------------------------------------
--   END DATA FOR TABLE INFO_SORT
---------------------------------------------------


---------------------------------------------------
--   DATA FOR TABLE MEMBER
--   FILTER = none used
---------------------------------------------------
REM INSERTING into MEMBER
Insert into MEMBER (ID,LOGIN_NAME,PASSWORD,STATE,IS_ADMIN,TIME_CREATE,TIME_MODIFIED) values (1,'admin','pass',0,'y',to_timestamp('08-8月 -09 08.08.08.000000000 上午','DD-MON-RR HH.MI.SS.FF AM'),to_timestamp('08-8月 -09 08.08.08.000000000 上午','DD-MON-RR HH.MI.SS.FF AM'));

---------------------------------------------------
--   END DATA FOR TABLE MEMBER
---------------------------------------------------


---------------------------------------------------
--   DATA FOR TABLE QUANZONG
--   FILTER = none used
---------------------------------------------------
REM INSERTING into QUANZONG
Insert into QUANZONG (ID,NAME,SEQ,TYPE,TIME_CREATE,TIME_MODIFIED) values (341,'A001','A001',2,to_timestamp('29-8月 -09 12.31.02.437000000 下午','DD-MON-RR HH.MI.SS.FF AM'),to_timestamp('29-8月 -09 12.31.02.437000000 下午','DD-MON-RR HH.MI.SS.FF AM'));
Insert into QUANZONG (ID,NAME,SEQ,TYPE,TIME_CREATE,TIME_MODIFIED) values (342,'A002','A002',2,to_timestamp('29-8月 -09 12.31.11.078000000 下午','DD-MON-RR HH.MI.SS.FF AM'),to_timestamp('29-8月 -09 12.31.11.078000000 下午','DD-MON-RR HH.MI.SS.FF AM'));

---------------------------------------------------
--   END DATA FOR TABLE QUANZONG
---------------------------------------------------


---------------------------------------------------
--   DATA FOR TABLE RESOURCES
--   FILTER = none used
---------------------------------------------------
REM INSERTING into RESOURCES

---------------------------------------------------
--   END DATA FOR TABLE RESOURCES
---------------------------------------------------


---------------------------------------------------
--   DATA FOR TABLE STRUCTURE
--   FILTER = none used
---------------------------------------------------
REM INSERTING into STRUCTURE
Insert into STRUCTURE (ID,SERIAL_NUMBER,ZN_NAME,TAXIS,DICTIONARY_NAME,IF_UPDATE,INFO_SORT_ID,TYPE,LENGTH,DECIMAL_DIGITS,INPUT_FASHION,IS_NULL,IS_OVERLAP,IS_INDEX,IS_QUERY,IS_TYPE_QUERY,IS_PURVIEW,IS_SELF_MOTION,IS_EXTEND,IS_BALANCE,IS_SERIAL_NUMBER,IS_DELETE,TIME_CREATE,TIME_MODIFIED,IS_LISTS,STATUS,TAXIS2,TAXIS3,IF_TWO,IF_THREE) values (230,'a5','题名',3,'0',0,226,0,255,0,0,0,1,1,1,0,0,0,0,0,0,0,to_timestamp('22-8月 -09 10.33.27.406000000 上午','DD-MON-RR HH.MI.SS.FF AM'),to_timestamp('24-8月 -09 10.00.59.625000000 下午','DD-MON-RR HH.MI.SS.FF AM'),1,0,0,0,0,0);
Insert into STRUCTURE (ID,SERIAL_NUMBER,ZN_NAME,TAXIS,DICTIONARY_NAME,IF_UPDATE,INFO_SORT_ID,TYPE,LENGTH,DECIMAL_DIGITS,INPUT_FASHION,IS_NULL,IS_OVERLAP,IS_INDEX,IS_QUERY,IS_TYPE_QUERY,IS_PURVIEW,IS_SELF_MOTION,IS_EXTEND,IS_BALANCE,IS_SERIAL_NUMBER,IS_DELETE,TIME_CREATE,TIME_MODIFIED,IS_LISTS,STATUS,TAXIS2,TAXIS3,IF_TWO,IF_THREE) values (235,'a6','归档年度',8,'0',0,226,1,0,0,0,1,1,1,1,0,0,0,1,0,1,0,to_timestamp('22-8月 -09 10.42.19.500000000 上午','DD-MON-RR HH.MI.SS.FF AM'),to_timestamp('01-9月 -09 10.57.28.921000000 下午','DD-MON-RR HH.MI.SS.FF AM'),1,0,0,0,0,0);
Insert into STRUCTURE (ID,SERIAL_NUMBER,ZN_NAME,TAXIS,DICTIONARY_NAME,IF_UPDATE,INFO_SORT_ID,TYPE,LENGTH,DECIMAL_DIGITS,INPUT_FASHION,IS_NULL,IS_OVERLAP,IS_INDEX,IS_QUERY,IS_TYPE_QUERY,IS_PURVIEW,IS_SELF_MOTION,IS_EXTEND,IS_BALANCE,IS_SERIAL_NUMBER,IS_DELETE,TIME_CREATE,TIME_MODIFIED,IS_LISTS,STATUS,TAXIS2,TAXIS3,IF_TWO,IF_THREE) values (265,'a27','顺序号',0,'0',0,226,1,0,0,0,1,1,0,1,0,0,1,0,0,0,0,to_timestamp('23-8月 -09 01.48.29.687000000 下午','DD-MON-RR HH.MI.SS.FF AM'),to_timestamp('23-8月 -09 01.48.29.687000000 下午','DD-MON-RR HH.MI.SS.FF AM'),0,1,0,0,0,0);
Insert into STRUCTURE (ID,SERIAL_NUMBER,ZN_NAME,TAXIS,DICTIONARY_NAME,IF_UPDATE,INFO_SORT_ID,TYPE,LENGTH,DECIMAL_DIGITS,INPUT_FASHION,IS_NULL,IS_OVERLAP,IS_INDEX,IS_QUERY,IS_TYPE_QUERY,IS_PURVIEW,IS_SELF_MOTION,IS_EXTEND,IS_BALANCE,IS_SERIAL_NUMBER,IS_DELETE,TIME_CREATE,TIME_MODIFIED,IS_LISTS,STATUS,TAXIS2,TAXIS3,IF_TWO,IF_THREE) values (290,'a1','档号',0,'0',0,227,0,50,0,0,1,0,1,0,0,0,0,0,0,0,0,to_timestamp('27-8月 -09 12.21.29.187000000 上午','DD-MON-RR HH.MI.SS.FF AM'),to_timestamp('29-8月 -09 05.44.06.421000000 下午','DD-MON-RR HH.MI.SS.FF AM'),1,0,0,0,0,0);
Insert into STRUCTURE (ID,SERIAL_NUMBER,ZN_NAME,TAXIS,DICTIONARY_NAME,IF_UPDATE,INFO_SORT_ID,TYPE,LENGTH,DECIMAL_DIGITS,INPUT_FASHION,IS_NULL,IS_OVERLAP,IS_INDEX,IS_QUERY,IS_TYPE_QUERY,IS_PURVIEW,IS_SELF_MOTION,IS_EXTEND,IS_BALANCE,IS_SERIAL_NUMBER,IS_DELETE,TIME_CREATE,TIME_MODIFIED,IS_LISTS,STATUS,TAXIS2,TAXIS3,IF_TWO,IF_THREE) values (295,'a9','份数',0,'0',0,227,1,0,0,0,1,1,0,0,0,0,0,0,0,0,0,to_timestamp('27-8月 -09 12.45.51.515000000 上午','DD-MON-RR HH.MI.SS.FF AM'),to_timestamp('30-8月 -09 10.45.47.968000000 下午','DD-MON-RR HH.MI.SS.FF AM'),0,0,0,0,0,0);
Insert into STRUCTURE (ID,SERIAL_NUMBER,ZN_NAME,TAXIS,DICTIONARY_NAME,IF_UPDATE,INFO_SORT_ID,TYPE,LENGTH,DECIMAL_DIGITS,INPUT_FASHION,IS_NULL,IS_OVERLAP,IS_INDEX,IS_QUERY,IS_TYPE_QUERY,IS_PURVIEW,IS_SELF_MOTION,IS_EXTEND,IS_BALANCE,IS_SERIAL_NUMBER,IS_DELETE,TIME_CREATE,TIME_MODIFIED,IS_LISTS,STATUS,TAXIS2,TAXIS3,IF_TWO,IF_THREE) values (298,'a6','归档年度',0,'0',0,227,0,20,0,0,1,1,0,0,0,0,0,1,0,1,0,to_timestamp('27-8月 -09 12.50.23.984000000 上午','DD-MON-RR HH.MI.SS.FF AM'),to_timestamp('30-8月 -09 10.45.41.781000000 下午','DD-MON-RR HH.MI.SS.FF AM'),1,0,0,0,0,0);
Insert into STRUCTURE (ID,SERIAL_NUMBER,ZN_NAME,TAXIS,DICTIONARY_NAME,IF_UPDATE,INFO_SORT_ID,TYPE,LENGTH,DECIMAL_DIGITS,INPUT_FASHION,IS_NULL,IS_OVERLAP,IS_INDEX,IS_QUERY,IS_TYPE_QUERY,IS_PURVIEW,IS_SELF_MOTION,IS_EXTEND,IS_BALANCE,IS_SERIAL_NUMBER,IS_DELETE,TIME_CREATE,TIME_MODIFIED,IS_LISTS,STATUS,TAXIS2,TAXIS3,IF_TWO,IF_THREE) values (303,'a14','页数',0,'0',0,227,1,0,0,0,1,1,0,0,0,0,0,0,0,0,0,to_timestamp('27-8月 -09 12.56.29.328000000 上午','DD-MON-RR HH.MI.SS.FF AM'),to_timestamp('27-8月 -09 12.56.29.328000000 上午','DD-MON-RR HH.MI.SS.FF AM'),0,0,0,0,0,0);
Insert into STRUCTURE (ID,SERIAL_NUMBER,ZN_NAME,TAXIS,DICTIONARY_NAME,IF_UPDATE,INFO_SORT_ID,TYPE,LENGTH,DECIMAL_DIGITS,INPUT_FASHION,IS_NULL,IS_OVERLAP,IS_INDEX,IS_QUERY,IS_TYPE_QUERY,IS_PURVIEW,IS_SELF_MOTION,IS_EXTEND,IS_BALANCE,IS_SERIAL_NUMBER,IS_DELETE,TIME_CREATE,TIME_MODIFIED,IS_LISTS,STATUS,TAXIS2,TAXIS3,IF_TWO,IF_THREE) values (308,'a10','归档日期',0,'0',0,227,3,0,0,0,1,1,0,0,0,0,0,1,0,0,0,to_timestamp('27-8月 -09 12.58.53.781000000 上午','DD-MON-RR HH.MI.SS.FF AM'),to_timestamp('30-8月 -09 10.58.14.953000000 下午','DD-MON-RR HH.MI.SS.FF AM'),0,0,0,0,0,0);
Insert into STRUCTURE (ID,SERIAL_NUMBER,ZN_NAME,TAXIS,DICTIONARY_NAME,IF_UPDATE,INFO_SORT_ID,TYPE,LENGTH,DECIMAL_DIGITS,INPUT_FASHION,IS_NULL,IS_OVERLAP,IS_INDEX,IS_QUERY,IS_TYPE_QUERY,IS_PURVIEW,IS_SELF_MOTION,IS_EXTEND,IS_BALANCE,IS_SERIAL_NUMBER,IS_DELETE,TIME_CREATE,TIME_MODIFIED,IS_LISTS,STATUS,TAXIS2,TAXIS3,IF_TWO,IF_THREE) values (231,'a4','存放位置',4,'0',0,226,0,100,0,0,1,1,0,0,0,0,0,1,0,0,0,to_timestamp('22-8月 -09 10.38.48.078000000 上午','DD-MON-RR HH.MI.SS.FF AM'),to_timestamp('22-8月 -09 10.38.48.078000000 上午','DD-MON-RR HH.MI.SS.FF AM'),0,0,0,0,0,0);
Insert into STRUCTURE (ID,SERIAL_NUMBER,ZN_NAME,TAXIS,DICTIONARY_NAME,IF_UPDATE,INFO_SORT_ID,TYPE,LENGTH,DECIMAL_DIGITS,INPUT_FASHION,IS_NULL,IS_OVERLAP,IS_INDEX,IS_QUERY,IS_TYPE_QUERY,IS_PURVIEW,IS_SELF_MOTION,IS_EXTEND,IS_BALANCE,IS_SERIAL_NUMBER,IS_DELETE,TIME_CREATE,TIME_MODIFIED,IS_LISTS,STATUS,TAXIS2,TAXIS3,IF_TWO,IF_THREE) values (236,'a8','保管期限',8,'53',0,226,0,10,0,1,1,1,0,1,0,0,0,1,0,1,0,to_timestamp('22-8月 -09 10.42.50.562000000 上午','DD-MON-RR HH.MI.SS.FF AM'),to_timestamp('01-9月 -09 10.57.49.406000000 下午','DD-MON-RR HH.MI.SS.FF AM'),1,0,0,0,0,0);
Insert into STRUCTURE (ID,SERIAL_NUMBER,ZN_NAME,TAXIS,DICTIONARY_NAME,IF_UPDATE,INFO_SORT_ID,TYPE,LENGTH,DECIMAL_DIGITS,INPUT_FASHION,IS_NULL,IS_OVERLAP,IS_INDEX,IS_QUERY,IS_TYPE_QUERY,IS_PURVIEW,IS_SELF_MOTION,IS_EXTEND,IS_BALANCE,IS_SERIAL_NUMBER,IS_DELETE,TIME_CREATE,TIME_MODIFIED,IS_LISTS,STATUS,TAXIS2,TAXIS3,IF_TWO,IF_THREE) values (237,'a10','实体分类号',10,'0',0,226,0,16,0,0,1,1,0,0,0,0,0,1,0,1,0,to_timestamp('22-8月 -09 10.44.09.500000000 上午','DD-MON-RR HH.MI.SS.FF AM'),to_timestamp('22-8月 -09 10.44.09.500000000 上午','DD-MON-RR HH.MI.SS.FF AM'),0,0,0,0,0,0);
Insert into STRUCTURE (ID,SERIAL_NUMBER,ZN_NAME,TAXIS,DICTIONARY_NAME,IF_UPDATE,INFO_SORT_ID,TYPE,LENGTH,DECIMAL_DIGITS,INPUT_FASHION,IS_NULL,IS_OVERLAP,IS_INDEX,IS_QUERY,IS_TYPE_QUERY,IS_PURVIEW,IS_SELF_MOTION,IS_EXTEND,IS_BALANCE,IS_SERIAL_NUMBER,IS_DELETE,TIME_CREATE,TIME_MODIFIED,IS_LISTS,STATUS,TAXIS2,TAXIS3,IF_TWO,IF_THREE) values (240,'a13','文件开始时间',13,'0',0,226,4,0,0,0,1,1,0,1,0,0,0,0,0,0,0,to_timestamp('22-8月 -09 10.45.38.203000000 上午','DD-MON-RR HH.MI.SS.FF AM'),to_timestamp('22-8月 -09 10.45.38.203000000 上午','DD-MON-RR HH.MI.SS.FF AM'),0,0,0,0,0,0);
Insert into STRUCTURE (ID,SERIAL_NUMBER,ZN_NAME,TAXIS,DICTIONARY_NAME,IF_UPDATE,INFO_SORT_ID,TYPE,LENGTH,DECIMAL_DIGITS,INPUT_FASHION,IS_NULL,IS_OVERLAP,IS_INDEX,IS_QUERY,IS_TYPE_QUERY,IS_PURVIEW,IS_SELF_MOTION,IS_EXTEND,IS_BALANCE,IS_SERIAL_NUMBER,IS_DELETE,TIME_CREATE,TIME_MODIFIED,IS_LISTS,STATUS,TAXIS2,TAXIS3,IF_TWO,IF_THREE) values (243,'a16','归档日期',15,'0',0,226,3,0,0,0,1,1,0,0,0,0,0,0,0,0,0,to_timestamp('22-8月 -09 10.47.33.640000000 上午','DD-MON-RR HH.MI.SS.FF AM'),to_timestamp('22-8月 -09 10.47.33.640000000 上午','DD-MON-RR HH.MI.SS.FF AM'),0,0,0,0,0,0);
Insert into STRUCTURE (ID,SERIAL_NUMBER,ZN_NAME,TAXIS,DICTIONARY_NAME,IF_UPDATE,INFO_SORT_ID,TYPE,LENGTH,DECIMAL_DIGITS,INPUT_FASHION,IS_NULL,IS_OVERLAP,IS_INDEX,IS_QUERY,IS_TYPE_QUERY,IS_PURVIEW,IS_SELF_MOTION,IS_EXTEND,IS_BALANCE,IS_SERIAL_NUMBER,IS_DELETE,TIME_CREATE,TIME_MODIFIED,IS_LISTS,STATUS,TAXIS2,TAXIS3,IF_TWO,IF_THREE) values (293,'a3','文件形成时间',0,'0',0,227,3,0,0,0,1,1,1,0,0,0,0,0,0,0,0,to_timestamp('27-8月 -09 12.42.12.218000000 上午','DD-MON-RR HH.MI.SS.FF AM'),to_timestamp('29-8月 -09 05.45.13.703000000 下午','DD-MON-RR HH.MI.SS.FF AM'),1,0,0,0,0,0);
Insert into STRUCTURE (ID,SERIAL_NUMBER,ZN_NAME,TAXIS,DICTIONARY_NAME,IF_UPDATE,INFO_SORT_ID,TYPE,LENGTH,DECIMAL_DIGITS,INPUT_FASHION,IS_NULL,IS_OVERLAP,IS_INDEX,IS_QUERY,IS_TYPE_QUERY,IS_PURVIEW,IS_SELF_MOTION,IS_EXTEND,IS_BALANCE,IS_SERIAL_NUMBER,IS_DELETE,TIME_CREATE,TIME_MODIFIED,IS_LISTS,STATUS,TAXIS2,TAXIS3,IF_TWO,IF_THREE) values (299,'a8','保管期限',0,'53',0,227,0,10,0,1,1,1,0,1,0,1,0,1,0,1,0,to_timestamp('27-8月 -09 12.51.55.734000000 上午','DD-MON-RR HH.MI.SS.FF AM'),to_timestamp('30-8月 -09 10.58.25.125000000 下午','DD-MON-RR HH.MI.SS.FF AM'),1,0,0,0,0,0);
Insert into STRUCTURE (ID,SERIAL_NUMBER,ZN_NAME,TAXIS,DICTIONARY_NAME,IF_UPDATE,INFO_SORT_ID,TYPE,LENGTH,DECIMAL_DIGITS,INPUT_FASHION,IS_NULL,IS_OVERLAP,IS_INDEX,IS_QUERY,IS_TYPE_QUERY,IS_PURVIEW,IS_SELF_MOTION,IS_EXTEND,IS_BALANCE,IS_SERIAL_NUMBER,IS_DELETE,TIME_CREATE,TIME_MODIFIED,IS_LISTS,STATUS,TAXIS2,TAXIS3,IF_TWO,IF_THREE) values (304,'a15','责任者',0,'27',0,227,0,200,0,1,1,1,0,1,0,0,0,1,0,0,0,to_timestamp('27-8月 -09 12.57.12.859000000 上午','DD-MON-RR HH.MI.SS.FF AM'),to_timestamp('29-8月 -09 05.45.06.656000000 下午','DD-MON-RR HH.MI.SS.FF AM'),1,0,0,0,0,0);
Insert into STRUCTURE (ID,SERIAL_NUMBER,ZN_NAME,TAXIS,DICTIONARY_NAME,IF_UPDATE,INFO_SORT_ID,TYPE,LENGTH,DECIMAL_DIGITS,INPUT_FASHION,IS_NULL,IS_OVERLAP,IS_INDEX,IS_QUERY,IS_TYPE_QUERY,IS_PURVIEW,IS_SELF_MOTION,IS_EXTEND,IS_BALANCE,IS_SERIAL_NUMBER,IS_DELETE,TIME_CREATE,TIME_MODIFIED,IS_LISTS,STATUS,TAXIS2,TAXIS3,IF_TWO,IF_THREE) values (309,'a20','备注',0,'0',0,227,0,255,0,0,1,1,0,0,0,0,0,0,0,0,0,to_timestamp('27-8月 -09 12.59.10.343000000 上午','DD-MON-RR HH.MI.SS.FF AM'),to_timestamp('29-8月 -09 05.45.27.671000000 下午','DD-MON-RR HH.MI.SS.FF AM'),1,0,0,0,0,0);
Insert into STRUCTURE (ID,SERIAL_NUMBER,ZN_NAME,TAXIS,DICTIONARY_NAME,IF_UPDATE,INFO_SORT_ID,TYPE,LENGTH,DECIMAL_DIGITS,INPUT_FASHION,IS_NULL,IS_OVERLAP,IS_INDEX,IS_QUERY,IS_TYPE_QUERY,IS_PURVIEW,IS_SELF_MOTION,IS_EXTEND,IS_BALANCE,IS_SERIAL_NUMBER,IS_DELETE,TIME_CREATE,TIME_MODIFIED,IS_LISTS,STATUS,TAXIS2,TAXIS3,IF_TWO,IF_THREE) values (254,'a19','11',0,'0',0,226,0,0,0,0,0,0,0,0,0,0,0,0,0,0,1,to_timestamp('23-8月 -09 11.52.28.171000000 上午','DD-MON-RR HH.MI.SS.FF AM'),to_timestamp('23-8月 -09 11.53.00.140000000 上午','DD-MON-RR HH.MI.SS.FF AM'),0,0,0,0,0,0);
Insert into STRUCTURE (ID,SERIAL_NUMBER,ZN_NAME,TAXIS,DICTIONARY_NAME,IF_UPDATE,INFO_SORT_ID,TYPE,LENGTH,DECIMAL_DIGITS,INPUT_FASHION,IS_NULL,IS_OVERLAP,IS_INDEX,IS_QUERY,IS_TYPE_QUERY,IS_PURVIEW,IS_SELF_MOTION,IS_EXTEND,IS_BALANCE,IS_SERIAL_NUMBER,IS_DELETE,TIME_CREATE,TIME_MODIFIED,IS_LISTS,STATUS,TAXIS2,TAXIS3,IF_TWO,IF_THREE) values (260,'a22','档号',0,'0',0,226,0,50,0,0,1,1,0,1,0,0,0,0,0,0,0,to_timestamp('23-8月 -09 01.43.55.156000000 下午','DD-MON-RR HH.MI.SS.FF AM'),to_timestamp('23-8月 -09 01.44.29.703000000 下午','DD-MON-RR HH.MI.SS.FF AM'),1,1,0,0,0,0);
Insert into STRUCTURE (ID,SERIAL_NUMBER,ZN_NAME,TAXIS,DICTIONARY_NAME,IF_UPDATE,INFO_SORT_ID,TYPE,LENGTH,DECIMAL_DIGITS,INPUT_FASHION,IS_NULL,IS_OVERLAP,IS_INDEX,IS_QUERY,IS_TYPE_QUERY,IS_PURVIEW,IS_SELF_MOTION,IS_EXTEND,IS_BALANCE,IS_SERIAL_NUMBER,IS_DELETE,TIME_CREATE,TIME_MODIFIED,IS_LISTS,STATUS,TAXIS2,TAXIS3,IF_TWO,IF_THREE) values (263,'a25','文件编号',0,'0',0,226,0,100,0,0,1,1,1,1,0,0,0,1,0,0,0,to_timestamp('23-8月 -09 01.46.14.765000000 下午','DD-MON-RR HH.MI.SS.FF AM'),to_timestamp('23-8月 -09 01.46.14.765000000 下午','DD-MON-RR HH.MI.SS.FF AM'),0,1,0,0,0,0);
Insert into STRUCTURE (ID,SERIAL_NUMBER,ZN_NAME,TAXIS,DICTIONARY_NAME,IF_UPDATE,INFO_SORT_ID,TYPE,LENGTH,DECIMAL_DIGITS,INPUT_FASHION,IS_NULL,IS_OVERLAP,IS_INDEX,IS_QUERY,IS_TYPE_QUERY,IS_PURVIEW,IS_SELF_MOTION,IS_EXTEND,IS_BALANCE,IS_SERIAL_NUMBER,IS_DELETE,TIME_CREATE,TIME_MODIFIED,IS_LISTS,STATUS,TAXIS2,TAXIS3,IF_TWO,IF_THREE) values (268,'a30','份数',0,'0',0,226,1,0,0,0,1,1,0,0,0,0,0,1,0,0,0,to_timestamp('23-8月 -09 01.51.32.671000000 下午','DD-MON-RR HH.MI.SS.FF AM'),to_timestamp('23-8月 -09 01.51.32.671000000 下午','DD-MON-RR HH.MI.SS.FF AM'),0,1,0,0,0,0);
Insert into STRUCTURE (ID,SERIAL_NUMBER,ZN_NAME,TAXIS,DICTIONARY_NAME,IF_UPDATE,INFO_SORT_ID,TYPE,LENGTH,DECIMAL_DIGITS,INPUT_FASHION,IS_NULL,IS_OVERLAP,IS_INDEX,IS_QUERY,IS_TYPE_QUERY,IS_PURVIEW,IS_SELF_MOTION,IS_EXTEND,IS_BALANCE,IS_SERIAL_NUMBER,IS_DELETE,TIME_CREATE,TIME_MODIFIED,IS_LISTS,STATUS,TAXIS2,TAXIS3,IF_TWO,IF_THREE) values (292,'a2','组卷标识',0,'73',0,227,0,6,0,1,1,1,0,0,0,0,0,1,0,0,0,to_timestamp('27-8月 -09 12.39.48.062000000 上午','DD-MON-RR HH.MI.SS.FF AM'),to_timestamp('27-8月 -09 12.41.35.484000000 上午','DD-MON-RR HH.MI.SS.FF AM'),0,0,0,0,0,0);
Insert into STRUCTURE (ID,SERIAL_NUMBER,ZN_NAME,TAXIS,DICTIONARY_NAME,IF_UPDATE,INFO_SORT_ID,TYPE,LENGTH,DECIMAL_DIGITS,INPUT_FASHION,IS_NULL,IS_OVERLAP,IS_INDEX,IS_QUERY,IS_TYPE_QUERY,IS_PURVIEW,IS_SELF_MOTION,IS_EXTEND,IS_BALANCE,IS_SERIAL_NUMBER,IS_DELETE,TIME_CREATE,TIME_MODIFIED,IS_LISTS,STATUS,TAXIS2,TAXIS3,IF_TWO,IF_THREE) values (294,'a4','文件编号',0,'0',0,227,0,100,0,0,1,1,1,1,0,0,0,1,0,0,0,to_timestamp('27-8月 -09 12.43.57.750000000 上午','DD-MON-RR HH.MI.SS.FF AM'),to_timestamp('29-8月 -09 05.44.30.890000000 下午','DD-MON-RR HH.MI.SS.FF AM'),1,0,0,0,0,0);
Insert into STRUCTURE (ID,SERIAL_NUMBER,ZN_NAME,TAXIS,DICTIONARY_NAME,IF_UPDATE,INFO_SORT_ID,TYPE,LENGTH,DECIMAL_DIGITS,INPUT_FASHION,IS_NULL,IS_OVERLAP,IS_INDEX,IS_QUERY,IS_TYPE_QUERY,IS_PURVIEW,IS_SELF_MOTION,IS_EXTEND,IS_BALANCE,IS_SERIAL_NUMBER,IS_DELETE,TIME_CREATE,TIME_MODIFIED,IS_LISTS,STATUS,TAXIS2,TAXIS3,IF_TWO,IF_THREE) values (300,'a11','实体分类号',0,'0',0,227,0,16,0,0,1,1,0,1,0,0,0,1,0,1,0,to_timestamp('27-8月 -09 12.55.28.437000000 上午','DD-MON-RR HH.MI.SS.FF AM'),to_timestamp('27-8月 -09 12.55.28.437000000 上午','DD-MON-RR HH.MI.SS.FF AM'),0,0,0,0,0,0);
Insert into STRUCTURE (ID,SERIAL_NUMBER,ZN_NAME,TAXIS,DICTIONARY_NAME,IF_UPDATE,INFO_SORT_ID,TYPE,LENGTH,DECIMAL_DIGITS,INPUT_FASHION,IS_NULL,IS_OVERLAP,IS_INDEX,IS_QUERY,IS_TYPE_QUERY,IS_PURVIEW,IS_SELF_MOTION,IS_EXTEND,IS_BALANCE,IS_SERIAL_NUMBER,IS_DELETE,TIME_CREATE,TIME_MODIFIED,IS_LISTS,STATUS,TAXIS2,TAXIS3,IF_TWO,IF_THREE) values (305,'a16','主题词',0,'0',0,227,0,100,0,0,1,1,1,0,0,0,0,0,0,0,0,to_timestamp('27-8月 -09 12.57.40.421000000 上午','DD-MON-RR HH.MI.SS.FF AM'),to_timestamp('27-8月 -09 12.57.40.421000000 上午','DD-MON-RR HH.MI.SS.FF AM'),0,0,0,0,0,0);
Insert into STRUCTURE (ID,SERIAL_NUMBER,ZN_NAME,TAXIS,DICTIONARY_NAME,IF_UPDATE,INFO_SORT_ID,TYPE,LENGTH,DECIMAL_DIGITS,INPUT_FASHION,IS_NULL,IS_OVERLAP,IS_INDEX,IS_QUERY,IS_TYPE_QUERY,IS_PURVIEW,IS_SELF_MOTION,IS_EXTEND,IS_BALANCE,IS_SERIAL_NUMBER,IS_DELETE,TIME_CREATE,TIME_MODIFIED,IS_LISTS,STATUS,TAXIS2,TAXIS3,IF_TWO,IF_THREE) values (228,'a1','案卷级档号',1,'0',0,226,0,50,0,0,1,0,1,0,0,0,0,0,0,0,0,to_timestamp('22-8月 -09 10.32.09.234000000 上午','DD-MON-RR HH.MI.SS.FF AM'),to_timestamp('23-8月 -09 11.51.46.671000000 上午','DD-MON-RR HH.MI.SS.FF AM'),1,0,0,0,0,0);
Insert into STRUCTURE (ID,SERIAL_NUMBER,ZN_NAME,TAXIS,DICTIONARY_NAME,IF_UPDATE,INFO_SORT_ID,TYPE,LENGTH,DECIMAL_DIGITS,INPUT_FASHION,IS_NULL,IS_OVERLAP,IS_INDEX,IS_QUERY,IS_TYPE_QUERY,IS_PURVIEW,IS_SELF_MOTION,IS_EXTEND,IS_BALANCE,IS_SERIAL_NUMBER,IS_DELETE,TIME_CREATE,TIME_MODIFIED,IS_LISTS,STATUS,TAXIS2,TAXIS3,IF_TWO,IF_THREE) values (232,'a3','密级',5,'46',0,226,0,0,0,1,1,1,0,0,0,1,0,1,0,1,0,to_timestamp('22-8月 -09 10.39.47.734000000 上午','DD-MON-RR HH.MI.SS.FF AM'),to_timestamp('24-8月 -09 10.01.07.343000000 下午','DD-MON-RR HH.MI.SS.FF AM'),0,0,0,0,0,0);
Insert into STRUCTURE (ID,SERIAL_NUMBER,ZN_NAME,TAXIS,DICTIONARY_NAME,IF_UPDATE,INFO_SORT_ID,TYPE,LENGTH,DECIMAL_DIGITS,INPUT_FASHION,IS_NULL,IS_OVERLAP,IS_INDEX,IS_QUERY,IS_TYPE_QUERY,IS_PURVIEW,IS_SELF_MOTION,IS_EXTEND,IS_BALANCE,IS_SERIAL_NUMBER,IS_DELETE,TIME_CREATE,TIME_MODIFIED,IS_LISTS,STATUS,TAXIS2,TAXIS3,IF_TWO,IF_THREE) values (234,'a9','目录号',7,'0',0,226,0,20,0,0,1,1,0,0,0,0,0,1,0,1,0,to_timestamp('22-8月 -09 10.41.25.406000000 上午','DD-MON-RR HH.MI.SS.FF AM'),to_timestamp('01-9月 -09 10.58.43.062000000 下午','DD-MON-RR HH.MI.SS.FF AM'),0,0,0,0,0,0);
Insert into STRUCTURE (ID,SERIAL_NUMBER,ZN_NAME,TAXIS,DICTIONARY_NAME,IF_UPDATE,INFO_SORT_ID,TYPE,LENGTH,DECIMAL_DIGITS,INPUT_FASHION,IS_NULL,IS_OVERLAP,IS_INDEX,IS_QUERY,IS_TYPE_QUERY,IS_PURVIEW,IS_SELF_MOTION,IS_EXTEND,IS_BALANCE,IS_SERIAL_NUMBER,IS_DELETE,TIME_CREATE,TIME_MODIFIED,IS_LISTS,STATUS,TAXIS2,TAXIS3,IF_TWO,IF_THREE) values (238,'a11','案卷号',11,'0',0,226,0,5,0,0,1,1,0,1,0,0,0,0,0,0,0,to_timestamp('22-8月 -09 10.44.32.593000000 上午','DD-MON-RR HH.MI.SS.FF AM'),to_timestamp('22-8月 -09 10.44.32.593000000 上午','DD-MON-RR HH.MI.SS.FF AM'),0,0,0,0,0,0);
Insert into STRUCTURE (ID,SERIAL_NUMBER,ZN_NAME,TAXIS,DICTIONARY_NAME,IF_UPDATE,INFO_SORT_ID,TYPE,LENGTH,DECIMAL_DIGITS,INPUT_FASHION,IS_NULL,IS_OVERLAP,IS_INDEX,IS_QUERY,IS_TYPE_QUERY,IS_PURVIEW,IS_SELF_MOTION,IS_EXTEND,IS_BALANCE,IS_SERIAL_NUMBER,IS_DELETE,TIME_CREATE,TIME_MODIFIED,IS_LISTS,STATUS,TAXIS2,TAXIS3,IF_TWO,IF_THREE) values (241,'a14','文件结束时间',14,'0',0,226,4,0,0,0,1,1,0,1,0,0,0,0,0,0,0,to_timestamp('22-8月 -09 10.46.12.562000000 上午','DD-MON-RR HH.MI.SS.FF AM'),to_timestamp('22-8月 -09 10.46.12.562000000 上午','DD-MON-RR HH.MI.SS.FF AM'),0,0,0,0,0,0);
Insert into STRUCTURE (ID,SERIAL_NUMBER,ZN_NAME,TAXIS,DICTIONARY_NAME,IF_UPDATE,INFO_SORT_ID,TYPE,LENGTH,DECIMAL_DIGITS,INPUT_FASHION,IS_NULL,IS_OVERLAP,IS_INDEX,IS_QUERY,IS_TYPE_QUERY,IS_PURVIEW,IS_SELF_MOTION,IS_EXTEND,IS_BALANCE,IS_SERIAL_NUMBER,IS_DELETE,TIME_CREATE,TIME_MODIFIED,IS_LISTS,STATUS,TAXIS2,TAXIS3,IF_TWO,IF_THREE) values (244,'a17','备注',18,'0',0,226,0,255,0,0,1,1,0,0,0,0,0,0,0,0,0,to_timestamp('22-8月 -09 10.47.55.843000000 上午','DD-MON-RR HH.MI.SS.FF AM'),to_timestamp('23-8月 -09 12.04.02.500000000 下午','DD-MON-RR HH.MI.SS.FF AM'),1,0,0,0,0,0);
Insert into STRUCTURE (ID,SERIAL_NUMBER,ZN_NAME,TAXIS,DICTIONARY_NAME,IF_UPDATE,INFO_SORT_ID,TYPE,LENGTH,DECIMAL_DIGITS,INPUT_FASHION,IS_NULL,IS_OVERLAP,IS_INDEX,IS_QUERY,IS_TYPE_QUERY,IS_PURVIEW,IS_SELF_MOTION,IS_EXTEND,IS_BALANCE,IS_SERIAL_NUMBER,IS_DELETE,TIME_CREATE,TIME_MODIFIED,IS_LISTS,STATUS,TAXIS2,TAXIS3,IF_TWO,IF_THREE) values (255,'a20','111',0,'0',0,226,0,0,0,0,0,0,0,0,0,0,0,0,0,0,1,to_timestamp('23-8月 -09 12.01.04.968000000 下午','DD-MON-RR HH.MI.SS.FF AM'),to_timestamp('23-8月 -09 12.01.22.312000000 下午','DD-MON-RR HH.MI.SS.FF AM'),0,0,0,0,0,0);
Insert into STRUCTURE (ID,SERIAL_NUMBER,ZN_NAME,TAXIS,DICTIONARY_NAME,IF_UPDATE,INFO_SORT_ID,TYPE,LENGTH,DECIMAL_DIGITS,INPUT_FASHION,IS_NULL,IS_OVERLAP,IS_INDEX,IS_QUERY,IS_TYPE_QUERY,IS_PURVIEW,IS_SELF_MOTION,IS_EXTEND,IS_BALANCE,IS_SERIAL_NUMBER,IS_DELETE,TIME_CREATE,TIME_MODIFIED,IS_LISTS,STATUS,TAXIS2,TAXIS3,IF_TWO,IF_THREE) values (256,'a21','123213',0,'0',0,226,0,0,0,0,0,0,0,0,0,0,0,0,0,0,1,to_timestamp('23-8月 -09 12.03.13.203000000 下午','DD-MON-RR HH.MI.SS.FF AM'),to_timestamp('23-8月 -09 12.03.20.734000000 下午','DD-MON-RR HH.MI.SS.FF AM'),0,0,0,0,0,0);
Insert into STRUCTURE (ID,SERIAL_NUMBER,ZN_NAME,TAXIS,DICTIONARY_NAME,IF_UPDATE,INFO_SORT_ID,TYPE,LENGTH,DECIMAL_DIGITS,INPUT_FASHION,IS_NULL,IS_OVERLAP,IS_INDEX,IS_QUERY,IS_TYPE_QUERY,IS_PURVIEW,IS_SELF_MOTION,IS_EXTEND,IS_BALANCE,IS_SERIAL_NUMBER,IS_DELETE,TIME_CREATE,TIME_MODIFIED,IS_LISTS,STATUS,TAXIS2,TAXIS3,IF_TWO,IF_THREE) values (261,'a23','组卷标识',0,'0',0,226,0,6,0,0,1,1,0,1,0,0,0,1,0,0,0,to_timestamp('23-8月 -09 01.45.07.968000000 下午','DD-MON-RR HH.MI.SS.FF AM'),to_timestamp('23-8月 -09 01.45.07.968000000 下午','DD-MON-RR HH.MI.SS.FF AM'),0,1,0,0,0,0);
Insert into STRUCTURE (ID,SERIAL_NUMBER,ZN_NAME,TAXIS,DICTIONARY_NAME,IF_UPDATE,INFO_SORT_ID,TYPE,LENGTH,DECIMAL_DIGITS,INPUT_FASHION,IS_NULL,IS_OVERLAP,IS_INDEX,IS_QUERY,IS_TYPE_QUERY,IS_PURVIEW,IS_SELF_MOTION,IS_EXTEND,IS_BALANCE,IS_SERIAL_NUMBER,IS_DELETE,TIME_CREATE,TIME_MODIFIED,IS_LISTS,STATUS,TAXIS2,TAXIS3,IF_TWO,IF_THREE) values (262,'a24','文件形成时间',0,'0',0,226,4,0,0,0,1,1,1,0,0,0,0,0,0,0,0,to_timestamp('23-8月 -09 01.45.41.703000000 下午','DD-MON-RR HH.MI.SS.FF AM'),to_timestamp('23-8月 -09 01.45.41.703000000 下午','DD-MON-RR HH.MI.SS.FF AM'),0,1,0,0,0,0);
Insert into STRUCTURE (ID,SERIAL_NUMBER,ZN_NAME,TAXIS,DICTIONARY_NAME,IF_UPDATE,INFO_SORT_ID,TYPE,LENGTH,DECIMAL_DIGITS,INPUT_FASHION,IS_NULL,IS_OVERLAP,IS_INDEX,IS_QUERY,IS_TYPE_QUERY,IS_PURVIEW,IS_SELF_MOTION,IS_EXTEND,IS_BALANCE,IS_SERIAL_NUMBER,IS_DELETE,TIME_CREATE,TIME_MODIFIED,IS_LISTS,STATUS,TAXIS2,TAXIS3,IF_TWO,IF_THREE) values (266,'a28','责任者',0,'0',0,226,0,200,0,0,1,1,0,1,0,0,0,1,0,0,0,to_timestamp('23-8月 -09 01.49.33.796000000 下午','DD-MON-RR HH.MI.SS.FF AM'),to_timestamp('23-8月 -09 01.49.33.796000000 下午','DD-MON-RR HH.MI.SS.FF AM'),0,1,0,0,0,0);
Insert into STRUCTURE (ID,SERIAL_NUMBER,ZN_NAME,TAXIS,DICTIONARY_NAME,IF_UPDATE,INFO_SORT_ID,TYPE,LENGTH,DECIMAL_DIGITS,INPUT_FASHION,IS_NULL,IS_OVERLAP,IS_INDEX,IS_QUERY,IS_TYPE_QUERY,IS_PURVIEW,IS_SELF_MOTION,IS_EXTEND,IS_BALANCE,IS_SERIAL_NUMBER,IS_DELETE,TIME_CREATE,TIME_MODIFIED,IS_LISTS,STATUS,TAXIS2,TAXIS3,IF_TWO,IF_THREE) values (267,'a29','临时号',0,'0',0,226,0,50,0,0,1,1,0,0,0,0,0,0,0,0,0,to_timestamp('23-8月 -09 01.50.13.828000000 下午','DD-MON-RR HH.MI.SS.FF AM'),to_timestamp('23-8月 -09 01.50.13.828000000 下午','DD-MON-RR HH.MI.SS.FF AM'),0,1,0,0,0,0);
Insert into STRUCTURE (ID,SERIAL_NUMBER,ZN_NAME,TAXIS,DICTIONARY_NAME,IF_UPDATE,INFO_SORT_ID,TYPE,LENGTH,DECIMAL_DIGITS,INPUT_FASHION,IS_NULL,IS_OVERLAP,IS_INDEX,IS_QUERY,IS_TYPE_QUERY,IS_PURVIEW,IS_SELF_MOTION,IS_EXTEND,IS_BALANCE,IS_SERIAL_NUMBER,IS_DELETE,TIME_CREATE,TIME_MODIFIED,IS_LISTS,STATUS,TAXIS2,TAXIS3,IF_TWO,IF_THREE) values (297,'a7','全宗号',0,'0',0,227,0,20,0,0,1,1,0,0,0,0,0,1,0,1,0,to_timestamp('27-8月 -09 12.49.55.218000000 上午','DD-MON-RR HH.MI.SS.FF AM'),to_timestamp('30-8月 -09 10.46.04.359000000 下午','DD-MON-RR HH.MI.SS.FF AM'),0,0,0,0,0,0);
Insert into STRUCTURE (ID,SERIAL_NUMBER,ZN_NAME,TAXIS,DICTIONARY_NAME,IF_UPDATE,INFO_SORT_ID,TYPE,LENGTH,DECIMAL_DIGITS,INPUT_FASHION,IS_NULL,IS_OVERLAP,IS_INDEX,IS_QUERY,IS_TYPE_QUERY,IS_PURVIEW,IS_SELF_MOTION,IS_EXTEND,IS_BALANCE,IS_SERIAL_NUMBER,IS_DELETE,TIME_CREATE,TIME_MODIFIED,IS_LISTS,STATUS,TAXIS2,TAXIS3,IF_TWO,IF_THREE) values (302,'a13','件数',0,'0',0,227,1,0,0,0,1,1,0,0,0,0,0,0,0,0,0,to_timestamp('27-8月 -09 12.56.09.937000000 上午','DD-MON-RR HH.MI.SS.FF AM'),to_timestamp('27-8月 -09 12.56.09.937000000 上午','DD-MON-RR HH.MI.SS.FF AM'),0,0,0,0,0,0);
Insert into STRUCTURE (ID,SERIAL_NUMBER,ZN_NAME,TAXIS,DICTIONARY_NAME,IF_UPDATE,INFO_SORT_ID,TYPE,LENGTH,DECIMAL_DIGITS,INPUT_FASHION,IS_NULL,IS_OVERLAP,IS_INDEX,IS_QUERY,IS_TYPE_QUERY,IS_PURVIEW,IS_SELF_MOTION,IS_EXTEND,IS_BALANCE,IS_SERIAL_NUMBER,IS_DELETE,TIME_CREATE,TIME_MODIFIED,IS_LISTS,STATUS,TAXIS2,TAXIS3,IF_TWO,IF_THREE) values (307,'a18','存放位置',0,'0',0,227,0,100,0,0,1,1,0,0,0,0,0,1,0,0,0,to_timestamp('27-8月 -09 12.58.37.078000000 上午','DD-MON-RR HH.MI.SS.FF AM'),to_timestamp('27-8月 -09 12.58.37.078000000 上午','DD-MON-RR HH.MI.SS.FF AM'),0,0,0,0,0,0);
Insert into STRUCTURE (ID,SERIAL_NUMBER,ZN_NAME,TAXIS,DICTIONARY_NAME,IF_UPDATE,INFO_SORT_ID,TYPE,LENGTH,DECIMAL_DIGITS,INPUT_FASHION,IS_NULL,IS_OVERLAP,IS_INDEX,IS_QUERY,IS_TYPE_QUERY,IS_PURVIEW,IS_SELF_MOTION,IS_EXTEND,IS_BALANCE,IS_SERIAL_NUMBER,IS_DELETE,TIME_CREATE,TIME_MODIFIED,IS_LISTS,STATUS,TAXIS2,TAXIS3,IF_TWO,IF_THREE) values (311,'a21','部门',0,'43',0,227,0,50,0,1,1,1,0,1,0,0,0,0,0,1,0,to_timestamp('27-8月 -09 12.59.56.765000000 上午','DD-MON-RR HH.MI.SS.FF AM'),to_timestamp('27-8月 -09 12.59.56.765000000 上午','DD-MON-RR HH.MI.SS.FF AM'),0,0,0,0,0,0);
Insert into STRUCTURE (ID,SERIAL_NUMBER,ZN_NAME,TAXIS,DICTIONARY_NAME,IF_UPDATE,INFO_SORT_ID,TYPE,LENGTH,DECIMAL_DIGITS,INPUT_FASHION,IS_NULL,IS_OVERLAP,IS_INDEX,IS_QUERY,IS_TYPE_QUERY,IS_PURVIEW,IS_SELF_MOTION,IS_EXTEND,IS_BALANCE,IS_SERIAL_NUMBER,IS_DELETE,TIME_CREATE,TIME_MODIFIED,IS_LISTS,STATUS,TAXIS2,TAXIS3,IF_TWO,IF_THREE) values (140,'a1','登记号',1,'0',0,137,2,28,0,0,1,1,0,1,0,0,1,0,0,1,0,to_timestamp('20-8月 -09 09.53.41.265000000 下午','DD-MON-RR HH.MI.SS.FF AM'),to_timestamp('20-8月 -09 10.35.04.468000000 下午','DD-MON-RR HH.MI.SS.FF AM'),1,0,0,0,0,0);
Insert into STRUCTURE (ID,SERIAL_NUMBER,ZN_NAME,TAXIS,DICTIONARY_NAME,IF_UPDATE,INFO_SORT_ID,TYPE,LENGTH,DECIMAL_DIGITS,INPUT_FASHION,IS_NULL,IS_OVERLAP,IS_INDEX,IS_QUERY,IS_TYPE_QUERY,IS_PURVIEW,IS_SELF_MOTION,IS_EXTEND,IS_BALANCE,IS_SERIAL_NUMBER,IS_DELETE,TIME_CREATE,TIME_MODIFIED,IS_LISTS,STATUS,TAXIS2,TAXIS3,IF_TWO,IF_THREE) values (141,'a2','登记日期',0,'0',0,137,3,0,0,0,1,1,0,0,0,0,0,0,0,0,0,to_timestamp('20-8月 -09 09.54.02.718000000 下午','DD-MON-RR HH.MI.SS.FF AM'),to_timestamp('30-8月 -09 04.18.39.968000000 下午','DD-MON-RR HH.MI.SS.FF AM'),0,0,0,0,0,0);
Insert into STRUCTURE (ID,SERIAL_NUMBER,ZN_NAME,TAXIS,DICTIONARY_NAME,IF_UPDATE,INFO_SORT_ID,TYPE,LENGTH,DECIMAL_DIGITS,INPUT_FASHION,IS_NULL,IS_OVERLAP,IS_INDEX,IS_QUERY,IS_TYPE_QUERY,IS_PURVIEW,IS_SELF_MOTION,IS_EXTEND,IS_BALANCE,IS_SERIAL_NUMBER,IS_DELETE,TIME_CREATE,TIME_MODIFIED,IS_LISTS,STATUS,TAXIS2,TAXIS3,IF_TWO,IF_THREE) values (142,'a3','字号',0,'0',0,137,0,100,0,0,1,1,0,0,0,0,0,0,0,1,0,to_timestamp('20-8月 -09 09.54.20.343000000 下午','DD-MON-RR HH.MI.SS.FF AM'),to_timestamp('20-8月 -09 10.35.13.578000000 下午','DD-MON-RR HH.MI.SS.FF AM'),1,0,0,0,0,0);
Insert into STRUCTURE (ID,SERIAL_NUMBER,ZN_NAME,TAXIS,DICTIONARY_NAME,IF_UPDATE,INFO_SORT_ID,TYPE,LENGTH,DECIMAL_DIGITS,INPUT_FASHION,IS_NULL,IS_OVERLAP,IS_INDEX,IS_QUERY,IS_TYPE_QUERY,IS_PURVIEW,IS_SELF_MOTION,IS_EXTEND,IS_BALANCE,IS_SERIAL_NUMBER,IS_DELETE,TIME_CREATE,TIME_MODIFIED,IS_LISTS,STATUS,TAXIS2,TAXIS3,IF_TWO,IF_THREE) values (143,'a4','责任者',0,'0',0,137,0,200,0,0,1,1,0,1,0,0,0,1,0,1,0,to_timestamp('20-8月 -09 09.54.56.265000000 下午','DD-MON-RR HH.MI.SS.FF AM'),to_timestamp('20-8月 -09 10.35.25.671000000 下午','DD-MON-RR HH.MI.SS.FF AM'),1,0,0,0,0,0);
Insert into STRUCTURE (ID,SERIAL_NUMBER,ZN_NAME,TAXIS,DICTIONARY_NAME,IF_UPDATE,INFO_SORT_ID,TYPE,LENGTH,DECIMAL_DIGITS,INPUT_FASHION,IS_NULL,IS_OVERLAP,IS_INDEX,IS_QUERY,IS_TYPE_QUERY,IS_PURVIEW,IS_SELF_MOTION,IS_EXTEND,IS_BALANCE,IS_SERIAL_NUMBER,IS_DELETE,TIME_CREATE,TIME_MODIFIED,IS_LISTS,STATUS,TAXIS2,TAXIS3,IF_TWO,IF_THREE) values (144,'a5','题名',5,'0',0,137,0,255,0,0,0,1,0,1,0,0,0,0,0,1,0,to_timestamp('20-8月 -09 09.55.21.125000000 下午','DD-MON-RR HH.MI.SS.FF AM'),to_timestamp('20-8月 -09 10.45.33.984000000 下午','DD-MON-RR HH.MI.SS.FF AM'),1,0,0,0,0,0);
Insert into STRUCTURE (ID,SERIAL_NUMBER,ZN_NAME,TAXIS,DICTIONARY_NAME,IF_UPDATE,INFO_SORT_ID,TYPE,LENGTH,DECIMAL_DIGITS,INPUT_FASHION,IS_NULL,IS_OVERLAP,IS_INDEX,IS_QUERY,IS_TYPE_QUERY,IS_PURVIEW,IS_SELF_MOTION,IS_EXTEND,IS_BALANCE,IS_SERIAL_NUMBER,IS_DELETE,TIME_CREATE,TIME_MODIFIED,IS_LISTS,STATUS,TAXIS2,TAXIS3,IF_TWO,IF_THREE) values (145,'a6','归档情况',0,'123',0,137,0,6,0,1,1,1,0,1,0,0,0,1,0,1,0,to_timestamp('20-8月 -09 09.56.04.343000000 下午','DD-MON-RR HH.MI.SS.FF AM'),to_timestamp('29-8月 -09 12.03.38.031000000 下午','DD-MON-RR HH.MI.SS.FF AM'),1,0,0,0,0,0);
Insert into STRUCTURE (ID,SERIAL_NUMBER,ZN_NAME,TAXIS,DICTIONARY_NAME,IF_UPDATE,INFO_SORT_ID,TYPE,LENGTH,DECIMAL_DIGITS,INPUT_FASHION,IS_NULL,IS_OVERLAP,IS_INDEX,IS_QUERY,IS_TYPE_QUERY,IS_PURVIEW,IS_SELF_MOTION,IS_EXTEND,IS_BALANCE,IS_SERIAL_NUMBER,IS_DELETE,TIME_CREATE,TIME_MODIFIED,IS_LISTS,STATUS,TAXIS2,TAXIS3,IF_TWO,IF_THREE) values (146,'a19','文件份数',0,'0',0,137,1,0,0,0,1,1,0,0,0,0,0,0,0,0,0,to_timestamp('20-8月 -09 09.56.24.453000000 下午','DD-MON-RR HH.MI.SS.FF AM'),to_timestamp('31-8月 -09 08.40.42.640000000 下午','DD-MON-RR HH.MI.SS.FF AM'),0,0,0,0,0,0);
Insert into STRUCTURE (ID,SERIAL_NUMBER,ZN_NAME,TAXIS,DICTIONARY_NAME,IF_UPDATE,INFO_SORT_ID,TYPE,LENGTH,DECIMAL_DIGITS,INPUT_FASHION,IS_NULL,IS_OVERLAP,IS_INDEX,IS_QUERY,IS_TYPE_QUERY,IS_PURVIEW,IS_SELF_MOTION,IS_EXTEND,IS_BALANCE,IS_SERIAL_NUMBER,IS_DELETE,TIME_CREATE,TIME_MODIFIED,IS_LISTS,STATUS,TAXIS2,TAXIS3,IF_TWO,IF_THREE) values (147,'a21','密级',0,'46',0,137,0,4,0,1,1,1,0,0,0,0,0,0,0,1,0,to_timestamp('20-8月 -09 09.57.04.140000000 下午','DD-MON-RR HH.MI.SS.FF AM'),to_timestamp('30-8月 -09 11.01.26.000000000 下午','DD-MON-RR HH.MI.SS.FF AM'),1,0,0,0,0,0);
Insert into STRUCTURE (ID,SERIAL_NUMBER,ZN_NAME,TAXIS,DICTIONARY_NAME,IF_UPDATE,INFO_SORT_ID,TYPE,LENGTH,DECIMAL_DIGITS,INPUT_FASHION,IS_NULL,IS_OVERLAP,IS_INDEX,IS_QUERY,IS_TYPE_QUERY,IS_PURVIEW,IS_SELF_MOTION,IS_EXTEND,IS_BALANCE,IS_SERIAL_NUMBER,IS_DELETE,TIME_CREATE,TIME_MODIFIED,IS_LISTS,STATUS,TAXIS2,TAXIS3,IF_TWO,IF_THREE) values (148,'a9','主题词',0,'0',0,137,0,100,0,0,1,1,0,0,0,0,0,0,0,1,0,to_timestamp('20-8月 -09 09.57.34.640000000 下午','DD-MON-RR HH.MI.SS.FF AM'),to_timestamp('20-8月 -09 10.35.35.296000000 下午','DD-MON-RR HH.MI.SS.FF AM'),1,0,0,0,0,0);
Insert into STRUCTURE (ID,SERIAL_NUMBER,ZN_NAME,TAXIS,DICTIONARY_NAME,IF_UPDATE,INFO_SORT_ID,TYPE,LENGTH,DECIMAL_DIGITS,INPUT_FASHION,IS_NULL,IS_OVERLAP,IS_INDEX,IS_QUERY,IS_TYPE_QUERY,IS_PURVIEW,IS_SELF_MOTION,IS_EXTEND,IS_BALANCE,IS_SERIAL_NUMBER,IS_DELETE,TIME_CREATE,TIME_MODIFIED,IS_LISTS,STATUS,TAXIS2,TAXIS3,IF_TWO,IF_THREE) values (149,'a10','备注',0,'0',0,137,0,255,0,0,1,1,0,0,0,0,0,0,0,0,0,to_timestamp('20-8月 -09 09.57.48.609000000 下午','DD-MON-RR HH.MI.SS.FF AM'),to_timestamp('20-8月 -09 09.57.48.609000000 下午','DD-MON-RR HH.MI.SS.FF AM'),0,0,0,0,0,0);
Insert into STRUCTURE (ID,SERIAL_NUMBER,ZN_NAME,TAXIS,DICTIONARY_NAME,IF_UPDATE,INFO_SORT_ID,TYPE,LENGTH,DECIMAL_DIGITS,INPUT_FASHION,IS_NULL,IS_OVERLAP,IS_INDEX,IS_QUERY,IS_TYPE_QUERY,IS_PURVIEW,IS_SELF_MOTION,IS_EXTEND,IS_BALANCE,IS_SERIAL_NUMBER,IS_DELETE,TIME_CREATE,TIME_MODIFIED,IS_LISTS,STATUS,TAXIS2,TAXIS3,IF_TWO,IF_THREE) values (150,'a11','来文机关',0,'28',0,137,0,100,0,1,1,1,0,0,0,0,0,1,0,1,0,to_timestamp('20-8月 -09 09.58.14.828000000 下午','DD-MON-RR HH.MI.SS.FF AM'),to_timestamp('21-8月 -09 12.58.28.000000000 下午','DD-MON-RR HH.MI.SS.FF AM'),0,0,0,0,0,0);
Insert into STRUCTURE (ID,SERIAL_NUMBER,ZN_NAME,TAXIS,DICTIONARY_NAME,IF_UPDATE,INFO_SORT_ID,TYPE,LENGTH,DECIMAL_DIGITS,INPUT_FASHION,IS_NULL,IS_OVERLAP,IS_INDEX,IS_QUERY,IS_TYPE_QUERY,IS_PURVIEW,IS_SELF_MOTION,IS_EXTEND,IS_BALANCE,IS_SERIAL_NUMBER,IS_DELETE,TIME_CREATE,TIME_MODIFIED,IS_LISTS,STATUS,TAXIS2,TAXIS3,IF_TWO,IF_THREE) values (151,'a12','签收人',0,'0',0,137,0,20,0,0,1,1,0,0,0,0,0,0,0,1,0,to_timestamp('20-8月 -09 09.58.44.468000000 下午','DD-MON-RR HH.MI.SS.FF AM'),to_timestamp('20-8月 -09 09.58.44.468000000 下午','DD-MON-RR HH.MI.SS.FF AM'),0,0,0,0,0,0);
Insert into STRUCTURE (ID,SERIAL_NUMBER,ZN_NAME,TAXIS,DICTIONARY_NAME,IF_UPDATE,INFO_SORT_ID,TYPE,LENGTH,DECIMAL_DIGITS,INPUT_FASHION,IS_NULL,IS_OVERLAP,IS_INDEX,IS_QUERY,IS_TYPE_QUERY,IS_PURVIEW,IS_SELF_MOTION,IS_EXTEND,IS_BALANCE,IS_SERIAL_NUMBER,IS_DELETE,TIME_CREATE,TIME_MODIFIED,IS_LISTS,STATUS,TAXIS2,TAXIS3,IF_TWO,IF_THREE) values (152,'a13','页数',0,'0',0,137,1,0,0,0,1,1,0,0,0,0,0,0,0,1,0,to_timestamp('20-8月 -09 09.59.04.015000000 下午','DD-MON-RR HH.MI.SS.FF AM'),to_timestamp('20-8月 -09 10.58.30.359000000 下午','DD-MON-RR HH.MI.SS.FF AM'),0,0,0,0,0,0);
Insert into STRUCTURE (ID,SERIAL_NUMBER,ZN_NAME,TAXIS,DICTIONARY_NAME,IF_UPDATE,INFO_SORT_ID,TYPE,LENGTH,DECIMAL_DIGITS,INPUT_FASHION,IS_NULL,IS_OVERLAP,IS_INDEX,IS_QUERY,IS_TYPE_QUERY,IS_PURVIEW,IS_SELF_MOTION,IS_EXTEND,IS_BALANCE,IS_SERIAL_NUMBER,IS_DELETE,TIME_CREATE,TIME_MODIFIED,IS_LISTS,STATUS,TAXIS2,TAXIS3,IF_TWO,IF_THREE) values (153,'a14','成文日期',0,'0',0,137,4,50,0,0,1,1,0,0,0,0,0,0,0,0,0,to_timestamp('20-8月 -09 09.59.24.859000000 下午','DD-MON-RR HH.MI.SS.FF AM'),to_timestamp('20-8月 -09 09.59.24.859000000 下午','DD-MON-RR HH.MI.SS.FF AM'),1,0,0,0,0,0);
Insert into STRUCTURE (ID,SERIAL_NUMBER,ZN_NAME,TAXIS,DICTIONARY_NAME,IF_UPDATE,INFO_SORT_ID,TYPE,LENGTH,DECIMAL_DIGITS,INPUT_FASHION,IS_NULL,IS_OVERLAP,IS_INDEX,IS_QUERY,IS_TYPE_QUERY,IS_PURVIEW,IS_SELF_MOTION,IS_EXTEND,IS_BALANCE,IS_SERIAL_NUMBER,IS_DELETE,TIME_CREATE,TIME_MODIFIED,IS_LISTS,STATUS,TAXIS2,TAXIS3,IF_TWO,IF_THREE) values (154,'a15','分发情况',0,'0',0,137,0,250,0,0,1,1,0,0,0,0,0,0,0,0,0,to_timestamp('20-8月 -09 09.59.41.953000000 下午','DD-MON-RR HH.MI.SS.FF AM'),to_timestamp('20-8月 -09 09.59.41.953000000 下午','DD-MON-RR HH.MI.SS.FF AM'),0,0,0,0,0,0);
Insert into STRUCTURE (ID,SERIAL_NUMBER,ZN_NAME,TAXIS,DICTIONARY_NAME,IF_UPDATE,INFO_SORT_ID,TYPE,LENGTH,DECIMAL_DIGITS,INPUT_FASHION,IS_NULL,IS_OVERLAP,IS_INDEX,IS_QUERY,IS_TYPE_QUERY,IS_PURVIEW,IS_SELF_MOTION,IS_EXTEND,IS_BALANCE,IS_SERIAL_NUMBER,IS_DELETE,TIME_CREATE,TIME_MODIFIED,IS_LISTS,STATUS,TAXIS2,TAXIS3,IF_TWO,IF_THREE) values (155,'a16','传阅情况',0,'0',0,137,0,250,0,0,1,1,0,0,0,0,0,0,0,0,0,to_timestamp('20-8月 -09 10.00.18.500000000 下午','DD-MON-RR HH.MI.SS.FF AM'),to_timestamp('20-8月 -09 10.00.18.500000000 下午','DD-MON-RR HH.MI.SS.FF AM'),0,0,0,0,0,0);
Insert into STRUCTURE (ID,SERIAL_NUMBER,ZN_NAME,TAXIS,DICTIONARY_NAME,IF_UPDATE,INFO_SORT_ID,TYPE,LENGTH,DECIMAL_DIGITS,INPUT_FASHION,IS_NULL,IS_OVERLAP,IS_INDEX,IS_QUERY,IS_TYPE_QUERY,IS_PURVIEW,IS_SELF_MOTION,IS_EXTEND,IS_BALANCE,IS_SERIAL_NUMBER,IS_DELETE,TIME_CREATE,TIME_MODIFIED,IS_LISTS,STATUS,TAXIS2,TAXIS3,IF_TWO,IF_THREE) values (156,'a17','处理情况',0,'0',0,137,0,250,0,0,1,1,0,0,0,0,0,0,0,0,0,to_timestamp('20-8月 -09 10.00.35.640000000 下午','DD-MON-RR HH.MI.SS.FF AM'),to_timestamp('20-8月 -09 10.00.35.640000000 下午','DD-MON-RR HH.MI.SS.FF AM'),0,0,0,0,0,0);
Insert into STRUCTURE (ID,SERIAL_NUMBER,ZN_NAME,TAXIS,DICTIONARY_NAME,IF_UPDATE,INFO_SORT_ID,TYPE,LENGTH,DECIMAL_DIGITS,INPUT_FASHION,IS_NULL,IS_OVERLAP,IS_INDEX,IS_QUERY,IS_TYPE_QUERY,IS_PURVIEW,IS_SELF_MOTION,IS_EXTEND,IS_BALANCE,IS_SERIAL_NUMBER,IS_DELETE,TIME_CREATE,TIME_MODIFIED,IS_LISTS,STATUS,TAXIS2,TAXIS3,IF_TWO,IF_THREE) values (157,'a18','存放位置',0,'0',0,137,0,100,0,0,1,1,0,0,0,0,0,0,0,0,0,to_timestamp('20-8月 -09 10.01.01.296000000 下午','DD-MON-RR HH.MI.SS.FF AM'),to_timestamp('20-8月 -09 10.01.01.296000000 下午','DD-MON-RR HH.MI.SS.FF AM'),0,0,0,0,0,0);
Insert into STRUCTURE (ID,SERIAL_NUMBER,ZN_NAME,TAXIS,DICTIONARY_NAME,IF_UPDATE,INFO_SORT_ID,TYPE,LENGTH,DECIMAL_DIGITS,INPUT_FASHION,IS_NULL,IS_OVERLAP,IS_INDEX,IS_QUERY,IS_TYPE_QUERY,IS_PURVIEW,IS_SELF_MOTION,IS_EXTEND,IS_BALANCE,IS_SERIAL_NUMBER,IS_DELETE,TIME_CREATE,TIME_MODIFIED,IS_LISTS,STATUS,TAXIS2,TAXIS3,IF_TWO,IF_THREE) values (158,'a7','全宗号',0,'0',0,137,0,0,0,0,1,1,0,1,0,0,0,1,0,1,0,to_timestamp('20-8月 -09 10.02.13.218000000 下午','DD-MON-RR HH.MI.SS.FF AM'),to_timestamp('31-8月 -09 08.40.31.281000000 下午','DD-MON-RR HH.MI.SS.FF AM'),0,0,0,0,0,0);
Insert into STRUCTURE (ID,SERIAL_NUMBER,ZN_NAME,TAXIS,DICTIONARY_NAME,IF_UPDATE,INFO_SORT_ID,TYPE,LENGTH,DECIMAL_DIGITS,INPUT_FASHION,IS_NULL,IS_OVERLAP,IS_INDEX,IS_QUERY,IS_TYPE_QUERY,IS_PURVIEW,IS_SELF_MOTION,IS_EXTEND,IS_BALANCE,IS_SERIAL_NUMBER,IS_DELETE,TIME_CREATE,TIME_MODIFIED,IS_LISTS,STATUS,TAXIS2,TAXIS3,IF_TWO,IF_THREE) values (159,'a20','实体分类号',4,'0',0,137,0,16,0,0,1,1,0,0,0,0,0,0,0,1,0,to_timestamp('20-8月 -09 10.02.52.328000000 下午','DD-MON-RR HH.MI.SS.FF AM'),to_timestamp('20-8月 -09 10.27.06.812000000 下午','DD-MON-RR HH.MI.SS.FF AM'),0,0,0,0,0,0);
Insert into STRUCTURE (ID,SERIAL_NUMBER,ZN_NAME,TAXIS,DICTIONARY_NAME,IF_UPDATE,INFO_SORT_ID,TYPE,LENGTH,DECIMAL_DIGITS,INPUT_FASHION,IS_NULL,IS_OVERLAP,IS_INDEX,IS_QUERY,IS_TYPE_QUERY,IS_PURVIEW,IS_SELF_MOTION,IS_EXTEND,IS_BALANCE,IS_SERIAL_NUMBER,IS_DELETE,TIME_CREATE,TIME_MODIFIED,IS_LISTS,STATUS,TAXIS2,TAXIS3,IF_TWO,IF_THREE) values (160,'a8','保管期限',0,'53',0,137,0,10,0,1,1,1,0,1,0,0,0,1,0,1,0,to_timestamp('20-8月 -09 10.03.17.265000000 下午','DD-MON-RR HH.MI.SS.FF AM'),to_timestamp('30-8月 -09 11.01.34.031000000 下午','DD-MON-RR HH.MI.SS.FF AM'),0,0,0,0,0,0);
Insert into STRUCTURE (ID,SERIAL_NUMBER,ZN_NAME,TAXIS,DICTIONARY_NAME,IF_UPDATE,INFO_SORT_ID,TYPE,LENGTH,DECIMAL_DIGITS,INPUT_FASHION,IS_NULL,IS_OVERLAP,IS_INDEX,IS_QUERY,IS_TYPE_QUERY,IS_PURVIEW,IS_SELF_MOTION,IS_EXTEND,IS_BALANCE,IS_SERIAL_NUMBER,IS_DELETE,TIME_CREATE,TIME_MODIFIED,IS_LISTS,STATUS,TAXIS2,TAXIS3,IF_TWO,IF_THREE) values (161,'a22','年度',3,'0',0,137,1,0,0,0,1,1,0,0,0,0,0,1,0,1,0,to_timestamp('20-8月 -09 10.03.50.750000000 下午','DD-MON-RR HH.MI.SS.FF AM'),to_timestamp('20-8月 -09 10.27.01.250000000 下午','DD-MON-RR HH.MI.SS.FF AM'),0,0,0,0,0,0);
Insert into STRUCTURE (ID,SERIAL_NUMBER,ZN_NAME,TAXIS,DICTIONARY_NAME,IF_UPDATE,INFO_SORT_ID,TYPE,LENGTH,DECIMAL_DIGITS,INPUT_FASHION,IS_NULL,IS_OVERLAP,IS_INDEX,IS_QUERY,IS_TYPE_QUERY,IS_PURVIEW,IS_SELF_MOTION,IS_EXTEND,IS_BALANCE,IS_SERIAL_NUMBER,IS_DELETE,TIME_CREATE,TIME_MODIFIED,IS_LISTS,STATUS,TAXIS2,TAXIS3,IF_TWO,IF_THREE) values (162,'a23','紧急情况',0,'0',0,137,0,50,0,0,1,1,0,1,0,0,0,1,0,1,0,to_timestamp('20-8月 -09 10.04.25.453000000 下午','DD-MON-RR HH.MI.SS.FF AM'),to_timestamp('20-8月 -09 10.04.25.453000000 下午','DD-MON-RR HH.MI.SS.FF AM'),0,0,0,0,0,0);
Insert into STRUCTURE (ID,SERIAL_NUMBER,ZN_NAME,TAXIS,DICTIONARY_NAME,IF_UPDATE,INFO_SORT_ID,TYPE,LENGTH,DECIMAL_DIGITS,INPUT_FASHION,IS_NULL,IS_OVERLAP,IS_INDEX,IS_QUERY,IS_TYPE_QUERY,IS_PURVIEW,IS_SELF_MOTION,IS_EXTEND,IS_BALANCE,IS_SERIAL_NUMBER,IS_DELETE,TIME_CREATE,TIME_MODIFIED,IS_LISTS,STATUS,TAXIS2,TAXIS3,IF_TWO,IF_THREE) values (163,'a24','类别',2,'0',0,137,0,50,0,0,1,1,0,0,0,0,0,1,0,1,0,to_timestamp('20-8月 -09 10.05.04.046000000 下午','DD-MON-RR HH.MI.SS.FF AM'),to_timestamp('20-8月 -09 10.26.55.265000000 下午','DD-MON-RR HH.MI.SS.FF AM'),0,0,0,0,0,0);
Insert into STRUCTURE (ID,SERIAL_NUMBER,ZN_NAME,TAXIS,DICTIONARY_NAME,IF_UPDATE,INFO_SORT_ID,TYPE,LENGTH,DECIMAL_DIGITS,INPUT_FASHION,IS_NULL,IS_OVERLAP,IS_INDEX,IS_QUERY,IS_TYPE_QUERY,IS_PURVIEW,IS_SELF_MOTION,IS_EXTEND,IS_BALANCE,IS_SERIAL_NUMBER,IS_DELETE,TIME_CREATE,TIME_MODIFIED,IS_LISTS,STATUS,TAXIS2,TAXIS3,IF_TWO,IF_THREE) values (164,'a25','主办单位',0,'0',0,137,0,50,0,0,1,1,0,0,0,0,0,1,0,0,0,to_timestamp('20-8月 -09 10.05.37.203000000 下午','DD-MON-RR HH.MI.SS.FF AM'),to_timestamp('20-8月 -09 10.05.37.203000000 下午','DD-MON-RR HH.MI.SS.FF AM'),0,0,0,0,0,0);
Insert into STRUCTURE (ID,SERIAL_NUMBER,ZN_NAME,TAXIS,DICTIONARY_NAME,IF_UPDATE,INFO_SORT_ID,TYPE,LENGTH,DECIMAL_DIGITS,INPUT_FASHION,IS_NULL,IS_OVERLAP,IS_INDEX,IS_QUERY,IS_TYPE_QUERY,IS_PURVIEW,IS_SELF_MOTION,IS_EXTEND,IS_BALANCE,IS_SERIAL_NUMBER,IS_DELETE,TIME_CREATE,TIME_MODIFIED,IS_LISTS,STATUS,TAXIS2,TAXIS3,IF_TWO,IF_THREE) values (229,'a2','总件数',2,'0',0,226,1,0,0,0,1,1,0,0,0,0,0,0,0,0,0,to_timestamp('22-8月 -09 10.32.41.921000000 上午','DD-MON-RR HH.MI.SS.FF AM'),to_timestamp('22-8月 -09 10.35.53.906000000 上午','DD-MON-RR HH.MI.SS.FF AM'),0,0,0,0,0,0);
Insert into STRUCTURE (ID,SERIAL_NUMBER,ZN_NAME,TAXIS,DICTIONARY_NAME,IF_UPDATE,INFO_SORT_ID,TYPE,LENGTH,DECIMAL_DIGITS,INPUT_FASHION,IS_NULL,IS_OVERLAP,IS_INDEX,IS_QUERY,IS_TYPE_QUERY,IS_PURVIEW,IS_SELF_MOTION,IS_EXTEND,IS_BALANCE,IS_SERIAL_NUMBER,IS_DELETE,TIME_CREATE,TIME_MODIFIED,IS_LISTS,STATUS,TAXIS2,TAXIS3,IF_TWO,IF_THREE) values (233,'a7','全宗号',6,'0',0,226,0,20,0,0,1,1,0,0,0,0,0,1,0,1,0,to_timestamp('22-8月 -09 10.40.23.312000000 上午','DD-MON-RR HH.MI.SS.FF AM'),to_timestamp('01-9月 -09 10.57.10.000000000 下午','DD-MON-RR HH.MI.SS.FF AM'),0,0,0,0,0,0);
Insert into STRUCTURE (ID,SERIAL_NUMBER,ZN_NAME,TAXIS,DICTIONARY_NAME,IF_UPDATE,INFO_SORT_ID,TYPE,LENGTH,DECIMAL_DIGITS,INPUT_FASHION,IS_NULL,IS_OVERLAP,IS_INDEX,IS_QUERY,IS_TYPE_QUERY,IS_PURVIEW,IS_SELF_MOTION,IS_EXTEND,IS_BALANCE,IS_SERIAL_NUMBER,IS_DELETE,TIME_CREATE,TIME_MODIFIED,IS_LISTS,STATUS,TAXIS2,TAXIS3,IF_TWO,IF_THREE) values (239,'a12','总页数',12,'0',0,226,1,0,0,0,1,1,0,0,0,0,0,0,0,0,0,to_timestamp('22-8月 -09 10.44.50.328000000 上午','DD-MON-RR HH.MI.SS.FF AM'),to_timestamp('22-8月 -09 10.45.03.281000000 上午','DD-MON-RR HH.MI.SS.FF AM'),0,0,0,0,0,0);
Insert into STRUCTURE (ID,SERIAL_NUMBER,ZN_NAME,TAXIS,DICTIONARY_NAME,IF_UPDATE,INFO_SORT_ID,TYPE,LENGTH,DECIMAL_DIGITS,INPUT_FASHION,IS_NULL,IS_OVERLAP,IS_INDEX,IS_QUERY,IS_TYPE_QUERY,IS_PURVIEW,IS_SELF_MOTION,IS_EXTEND,IS_BALANCE,IS_SERIAL_NUMBER,IS_DELETE,TIME_CREATE,TIME_MODIFIED,IS_LISTS,STATUS,TAXIS2,TAXIS3,IF_TWO,IF_THREE) values (242,'a15','主题词',14,'0',0,226,0,100,0,0,1,1,1,0,0,0,0,0,0,0,0,to_timestamp('22-8月 -09 10.46.50.359000000 上午','DD-MON-RR HH.MI.SS.FF AM'),to_timestamp('22-8月 -09 10.47.02.609000000 上午','DD-MON-RR HH.MI.SS.FF AM'),0,0,0,0,0,0);
Insert into STRUCTURE (ID,SERIAL_NUMBER,ZN_NAME,TAXIS,DICTIONARY_NAME,IF_UPDATE,INFO_SORT_ID,TYPE,LENGTH,DECIMAL_DIGITS,INPUT_FASHION,IS_NULL,IS_OVERLAP,IS_INDEX,IS_QUERY,IS_TYPE_QUERY,IS_PURVIEW,IS_SELF_MOTION,IS_EXTEND,IS_BALANCE,IS_SERIAL_NUMBER,IS_DELETE,TIME_CREATE,TIME_MODIFIED,IS_LISTS,STATUS,TAXIS2,TAXIS3,IF_TWO,IF_THREE) values (245,'a18','部门',20,'43',0,226,0,50,0,1,1,1,0,1,0,0,0,0,0,1,0,to_timestamp('22-8月 -09 10.48.31.625000000 上午','DD-MON-RR HH.MI.SS.FF AM'),to_timestamp('23-8月 -09 12.01.36.031000000 下午','DD-MON-RR HH.MI.SS.FF AM'),0,0,0,0,0,0);
Insert into STRUCTURE (ID,SERIAL_NUMBER,ZN_NAME,TAXIS,DICTIONARY_NAME,IF_UPDATE,INFO_SORT_ID,TYPE,LENGTH,DECIMAL_DIGITS,INPUT_FASHION,IS_NULL,IS_OVERLAP,IS_INDEX,IS_QUERY,IS_TYPE_QUERY,IS_PURVIEW,IS_SELF_MOTION,IS_EXTEND,IS_BALANCE,IS_SERIAL_NUMBER,IS_DELETE,TIME_CREATE,TIME_MODIFIED,IS_LISTS,STATUS,TAXIS2,TAXIS3,IF_TWO,IF_THREE) values (264,'a26','页号',0,'0',0,226,1,0,0,0,1,1,0,0,0,0,0,0,0,0,0,to_timestamp('23-8月 -09 01.47.46.406000000 下午','DD-MON-RR HH.MI.SS.FF AM'),to_timestamp('23-8月 -09 01.47.46.406000000 下午','DD-MON-RR HH.MI.SS.FF AM'),0,1,0,0,0,0);
Insert into STRUCTURE (ID,SERIAL_NUMBER,ZN_NAME,TAXIS,DICTIONARY_NAME,IF_UPDATE,INFO_SORT_ID,TYPE,LENGTH,DECIMAL_DIGITS,INPUT_FASHION,IS_NULL,IS_OVERLAP,IS_INDEX,IS_QUERY,IS_TYPE_QUERY,IS_PURVIEW,IS_SELF_MOTION,IS_EXTEND,IS_BALANCE,IS_SERIAL_NUMBER,IS_DELETE,TIME_CREATE,TIME_MODIFIED,IS_LISTS,STATUS,TAXIS2,TAXIS3,IF_TWO,IF_THREE) values (291,'a5','题名',0,'0',0,227,0,255,0,0,0,1,1,1,0,0,0,0,0,0,0,to_timestamp('27-8月 -09 12.22.20.312000000 上午','DD-MON-RR HH.MI.SS.FF AM'),to_timestamp('29-8月 -09 05.44.48.296000000 下午','DD-MON-RR HH.MI.SS.FF AM'),1,0,0,0,0,0);
Insert into STRUCTURE (ID,SERIAL_NUMBER,ZN_NAME,TAXIS,DICTIONARY_NAME,IF_UPDATE,INFO_SORT_ID,TYPE,LENGTH,DECIMAL_DIGITS,INPUT_FASHION,IS_NULL,IS_OVERLAP,IS_INDEX,IS_QUERY,IS_TYPE_QUERY,IS_PURVIEW,IS_SELF_MOTION,IS_EXTEND,IS_BALANCE,IS_SERIAL_NUMBER,IS_DELETE,TIME_CREATE,TIME_MODIFIED,IS_LISTS,STATUS,TAXIS2,TAXIS3,IF_TWO,IF_THREE) values (296,'a19','密集',0,'46',0,227,0,4,0,1,1,1,0,0,0,1,0,1,0,1,0,to_timestamp('27-8月 -09 12.46.38.500000000 上午','DD-MON-RR HH.MI.SS.FF AM'),to_timestamp('30-8月 -09 10.48.51.859000000 下午','DD-MON-RR HH.MI.SS.FF AM'),0,0,0,0,0,0);
Insert into STRUCTURE (ID,SERIAL_NUMBER,ZN_NAME,TAXIS,DICTIONARY_NAME,IF_UPDATE,INFO_SORT_ID,TYPE,LENGTH,DECIMAL_DIGITS,INPUT_FASHION,IS_NULL,IS_OVERLAP,IS_INDEX,IS_QUERY,IS_TYPE_QUERY,IS_PURVIEW,IS_SELF_MOTION,IS_EXTEND,IS_BALANCE,IS_SERIAL_NUMBER,IS_DELETE,TIME_CREATE,TIME_MODIFIED,IS_LISTS,STATUS,TAXIS2,TAXIS3,IF_TWO,IF_THREE) values (301,'a12','盒号',0,'0',0,227,1,0,0,0,1,1,0,0,0,0,0,0,0,0,0,to_timestamp('27-8月 -09 12.55.54.828000000 上午','DD-MON-RR HH.MI.SS.FF AM'),to_timestamp('27-8月 -09 12.55.54.828000000 上午','DD-MON-RR HH.MI.SS.FF AM'),0,0,0,0,0,0);
Insert into STRUCTURE (ID,SERIAL_NUMBER,ZN_NAME,TAXIS,DICTIONARY_NAME,IF_UPDATE,INFO_SORT_ID,TYPE,LENGTH,DECIMAL_DIGITS,INPUT_FASHION,IS_NULL,IS_OVERLAP,IS_INDEX,IS_QUERY,IS_TYPE_QUERY,IS_PURVIEW,IS_SELF_MOTION,IS_EXTEND,IS_BALANCE,IS_SERIAL_NUMBER,IS_DELETE,TIME_CREATE,TIME_MODIFIED,IS_LISTS,STATUS,TAXIS2,TAXIS3,IF_TWO,IF_THREE) values (306,'a17','临时号',0,'0',0,227,0,50,0,0,1,1,0,0,0,0,0,0,0,0,0,to_timestamp('27-8月 -09 12.57.57.312000000 上午','DD-MON-RR HH.MI.SS.FF AM'),to_timestamp('27-8月 -09 12.57.57.312000000 上午','DD-MON-RR HH.MI.SS.FF AM'),0,0,0,0,0,0);

---------------------------------------------------
--   END DATA FOR TABLE STRUCTURE
---------------------------------------------------

--------------------------------------------------------
--  Constraints for Table QUANZONG
--------------------------------------------------------

  ALTER TABLE "QUANZONG" MODIFY ("ID" NOT NULL ENABLE);
 
  ALTER TABLE "QUANZONG" MODIFY ("TIME_CREATE" NOT NULL ENABLE);
 
  ALTER TABLE "QUANZONG" MODIFY ("TIME_MODIFIED" NOT NULL ENABLE);
 
  ALTER TABLE "QUANZONG" ADD PRIMARY KEY ("ID") ENABLE;
--------------------------------------------------------
--  Constraints for Table INFO_SORT
--------------------------------------------------------

  ALTER TABLE "INFO_SORT" MODIFY ("NAME" NOT NULL ENABLE);
 
  ALTER TABLE "INFO_SORT" MODIFY ("SEQ" NOT NULL ENABLE);
 
  ALTER TABLE "INFO_SORT" MODIFY ("TIME_CREATE" NOT NULL ENABLE);
 
  ALTER TABLE "INFO_SORT" MODIFY ("TIME_MODIFIED" NOT NULL ENABLE);
 
  ALTER TABLE "INFO_SORT" ADD PRIMARY KEY ("ID") ENABLE;
--------------------------------------------------------
--  Constraints for Table STRUCTURE
--------------------------------------------------------

  ALTER TABLE "STRUCTURE" MODIFY ("ID" NOT NULL ENABLE);
 
  ALTER TABLE "STRUCTURE" MODIFY ("ZN_NAME" NOT NULL ENABLE);
 
  ALTER TABLE "STRUCTURE" MODIFY ("DICTIONARY_NAME" NOT NULL ENABLE);
 
  ALTER TABLE "STRUCTURE" MODIFY ("TIME_CREATE" NOT NULL ENABLE);
 
  ALTER TABLE "STRUCTURE" MODIFY ("TIME_MODIFIED" NOT NULL ENABLE);
 
  ALTER TABLE "STRUCTURE" ADD PRIMARY KEY ("ID") ENABLE;
--------------------------------------------------------
--  Constraints for Table DICTIONARY_SORT
--------------------------------------------------------

  ALTER TABLE "DICTIONARY_SORT" MODIFY ("ID" NOT NULL ENABLE);
 
  ALTER TABLE "DICTIONARY_SORT" MODIFY ("TIME_CREATE" NOT NULL ENABLE);
 
  ALTER TABLE "DICTIONARY_SORT" MODIFY ("TIME_MODIFIED" NOT NULL ENABLE);
 
  ALTER TABLE "DICTIONARY_SORT" ADD PRIMARY KEY ("ID") ENABLE;
--------------------------------------------------------
--  Constraints for Table FILE_PIGEONHOLE
--------------------------------------------------------

  ALTER TABLE "FILE_PIGEONHOLE" MODIFY ("ID" NOT NULL ENABLE);
 
  ALTER TABLE "FILE_PIGEONHOLE" MODIFY ("TIME_CREATE" NOT NULL ENABLE);
 
  ALTER TABLE "FILE_PIGEONHOLE" MODIFY ("TIME_MODIFIED" NOT NULL ENABLE);
 
  ALTER TABLE "FILE_PIGEONHOLE" ADD PRIMARY KEY ("ID") ENABLE;
--------------------------------------------------------
--  Constraints for Table RESOURCES
--------------------------------------------------------

  ALTER TABLE "RESOURCES" MODIFY ("ID" NOT NULL ENABLE);
 
  ALTER TABLE "RESOURCES" MODIFY ("TYPE" NOT NULL ENABLE);
 
  ALTER TABLE "RESOURCES" MODIFY ("VALUE" NOT NULL ENABLE);
 
  ALTER TABLE "RESOURCES" ADD PRIMARY KEY ("ID") ENABLE;
--------------------------------------------------------
--  Constraints for Table FILES
--------------------------------------------------------

  ALTER TABLE "FILES" MODIFY ("ID" NOT NULL ENABLE);
 
  ALTER TABLE "FILES" ADD PRIMARY KEY ("ID") ENABLE;
--------------------------------------------------------
--  Constraints for Table MEMBER
--------------------------------------------------------

  ALTER TABLE "MEMBER" MODIFY ("ID" NOT NULL ENABLE);
 
  ALTER TABLE "MEMBER" MODIFY ("LOGIN_NAME" NOT NULL ENABLE);
 
  ALTER TABLE "MEMBER" MODIFY ("PASSWORD" NOT NULL ENABLE);
 
  ALTER TABLE "MEMBER" MODIFY ("TIME_CREATE" NOT NULL ENABLE);
 
  ALTER TABLE "MEMBER" MODIFY ("TIME_MODIFIED" NOT NULL ENABLE);
 
  ALTER TABLE "MEMBER" ADD PRIMARY KEY ("ID") ENABLE;








